Date,P1_QQQ_vs_IWM_Cumulative_Growth,P2_SPY_vs_IWM_Cumulative_Growth,P3_Long_QQQ_Cumulative_Growth,P4_Long_SPY_Cumulative_Growth,P5_Long_IWM_Cumulative_Growth
2021-06-01,98.53,98.77,99.67,99.91,101.14
2021-06-02,98.6,98.81,99.86,100.07,101.26
2021-06-03,98.4,99.27,98.82,99.7,100.41
2021-06-04,99.64,99.75,100.49,100.61,100.84
2021-06-07,98.61,98.31,100.79,100.51,102.19
2021-06-08,97.61,97.29,100.84,100.53,103.28
2021-06-09,98.28,97.8,100.86,100.38,102.59
2021-06-10,100.18,99.12,101.91,100.84,101.67
2021-06-11,99.38,98.24,102.18,101.01,102.75
2021-06-14,100.62,98.74,103.16,101.23,102.45
2021-06-15,100.26,98.85,102.49,101.05,102.15
2021-06-16,100.1,98.5,102.11,100.48,101.94
2021-06-17,102.49,99.57,103.4,100.45,100.8
2021-06-18,104.01,100.17,102.59,98.78,98.51
2021-06-21,102.31,99.46,103.11,100.19,100.62
2021-06-22,102.8,99.54,104.07,100.72,101.07
2021-06-23,102.52,99.09,104.12,100.6,101.4
2021-06-24,101.71,98.28,104.77,101.19,102.83
2021-06-25,101.41,98.46,104.64,101.56,103.01
2021-06-28,103.44,99.44,105.91,101.76,102.2
2021-06-29,104.31,99.97,106.29,101.81,101.71
2021-06-30,104.13,100.04,106.12,101.89,101.72
2021-07-01,103.26,99.71,106.16,102.45,102.61
2021-07-02,105.42,101.41,107.38,103.23,101.64
2021-07-06,107.41,102.7,107.84,103.04,100.16
2021-07-07,108.63,104.01,108.07,103.4,99.23
2021-07-08,108.98,104.13,107.42,102.57,98.32
2021-07-09,107.35,103.05,108.09,103.66,100.39
2021-07-12,107.69,103.33,108.51,104.04,100.47
2021-07-13,109.71,104.93,108.51,103.68,98.58
2021-07-14,111.6,106.7,108.71,103.84,97.07
2021-07-15,111.45,106.94,107.94,103.49,96.51
2021-07-16,111.92,107.43,107.07,102.68,95.32
2021-07-19,112.68,107.45,106.19,101.16,93.89
2021-07-20,110.5,105.65,107.42,102.61,96.81
2021-07-21,109.45,104.69,108.25,103.44,98.47
2021-07-22,111.91,106.58,108.97,103.65,96.91
2021-07-23,112.69,107.17,110.24,104.72,97.36
2021-07-26,112.46,107.13,110.33,104.98,97.64
2021-07-27,112.53,107.89,109.11,104.5,96.5
2021-07-28,111.31,106.26,109.53,104.46,97.92
2021-07-29,110.65,105.88,109.73,104.89,98.67
2021-07-30,110.81,106.06,109.16,104.37,98.02
2021-08-02,111.37,106.37,109.17,104.15,97.53
2021-08-03,111.59,106.79,109.83,105.0,97.93
2021-08-04,113.15,107.6,109.99,104.48,96.71
2021-08-05,111.82,106.34,110.68,105.14,98.45
2021-08-06,110.65,105.88,110.19,105.32,99.05
2021-08-09,111.45,106.37,110.39,105.24,98.5
2021-08-10,110.66,106.29,109.83,105.36,98.7
2021-08-11,109.93,106.03,109.64,105.63,99.18
2021-08-12,110.59,106.61,110.04,105.94,98.95
2021-08-13,111.99,107.77,110.42,106.13,98.05
2021-08-16,113.07,109.03,110.47,106.39,97.13
2021-08-17,113.46,109.64,109.49,105.69,95.95
2021-08-18,113.35,109.4,108.44,104.53,95.11
2021-08-19,115.26,110.88,108.96,104.69,93.97
2021-08-20,114.51,109.89,110.1,105.53,95.56
2021-08-23,114.04,108.77,111.74,106.46,97.38
2021-08-24,113.28,107.88,112.08,106.63,98.33
2021-08-25,113.0,107.72,112.21,106.85,98.68
2021-08-26,113.48,108.23,111.49,106.22,97.63
2021-08-27,111.38,106.14,112.57,107.17,100.38
2021-08-30,113.08,107.04,113.83,107.64,99.97
2021-08-31,112.77,106.67,113.74,107.48,100.17
2021-09-01,112.2,106.01,113.93,107.53,100.84
2021-09-02,111.37,105.61,113.88,107.86,101.54
2021-09-03,112.23,106.07,114.23,107.84,101.07
2021-09-07,113.16,106.42,114.39,107.45,100.37
2021-09-08,114.0,107.45,113.99,107.32,99.28
2021-09-09,113.67,107.04,113.6,106.86,99.23
2021-09-10,113.92,107.25,112.74,106.02,98.26
2021-09-13,113.19,106.92,112.66,106.29,98.82
2021-09-14,114.31,107.7,112.34,105.72,97.56
2021-09-15,114.13,107.63,113.17,106.61,98.44
2021-09-16,114.13,107.38,113.25,106.44,98.51
2021-09-17,112.63,105.86,111.92,105.07,98.64
2021-09-20,112.87,106.61,109.49,103.31,96.29
2021-09-21,112.84,106.35,109.62,103.22,96.43
2021-09-22,112.14,105.75,110.64,104.23,97.93
2021-09-23,111.18,105.17,111.66,105.5,99.66
2021-09-24,112.15,106.16,111.76,105.67,98.88
2021-09-27,109.55,104.23,110.86,105.36,100.39
2021-09-28,108.93,104.49,107.73,103.23,98.11
2021-09-29,108.99,104.89,107.55,103.41,97.9
2021-09-30,109.61,104.6,107.16,102.15,96.98
2021-10-01,108.53,104.16,107.82,103.36,98.54
2021-10-04,107.23,103.76,105.56,102.03,97.65
2021-10-05,108.31,104.48,106.98,103.09,97.99
2021-10-06,109.56,105.46,107.67,103.53,97.48
2021-10-07,108.88,104.74,108.66,104.42,98.98
2021-10-08,109.16,105.34,108.11,104.23,98.24
2021-10-11,108.94,105.18,107.28,103.48,97.68
2021-10-12,107.96,104.34,106.9,103.22,98.22
2021-10-13,108.31,104.23,107.76,103.59,98.68
2021-10-14,108.7,104.43,109.74,105.33,100.14
2021-10-15,109.72,105.55,110.43,106.13,99.83
2021-10-18,110.89,105.93,111.54,106.45,99.77
2021-10-19,111.32,106.36,112.39,107.27,100.14
2021-10-20,110.44,106.07,112.24,107.69,100.8
2021-10-21,110.83,106.07,112.92,107.97,101.06
2021-10-22,110.16,106.22,111.98,107.86,100.82
2021-10-25,110.24,105.78,113.12,108.44,101.77
2021-10-26,111.42,106.67,113.48,108.54,101.01
2021-10-27,113.73,108.16,113.74,108.06,99.15
2021-10-28,112.72,107.05,115.0,109.1,101.13
2021-10-29,113.31,107.3,115.57,109.32,101.1
2021-11-01,110.76,104.7,115.96,109.5,103.71
2021-11-02,110.99,104.9,116.45,109.94,103.93
2021-11-03,110.18,103.66,117.68,110.61,105.79
2021-11-04,111.64,104.19,119.19,111.13,105.75
2021-11-05,110.22,103.13,119.31,111.52,107.2
2021-11-08,109.72,102.9,119.14,111.62,107.53
2021-11-09,109.6,103.16,118.32,111.25,106.91
2021-11-10,109.72,103.96,116.58,110.36,105.22
2021-11-11,109.14,103.16,116.89,110.4,106.06
2021-11-12,110.18,103.83,118.12,111.22,106.17
2021-11-15,110.6,104.28,118.1,111.26,105.74
2021-11-16,111.18,104.51,118.94,111.7,105.93
2021-11-17,112.7,105.63,119.0,111.43,104.54
2021-11-18,114.34,106.43,120.23,111.81,104.1
2021-11-19,116.02,107.21,120.91,111.61,103.16
2021-11-22,115.18,107.37,119.5,111.3,102.71
2021-11-23,114.84,107.69,118.95,111.44,102.54
2021-11-24,115.08,107.86,119.33,111.74,102.65
2021-11-26,117.23,109.52,117.07,109.25,98.78
2021-11-29,119.85,110.93,119.61,110.6,98.72
2021-11-30,120.53,111.03,117.85,108.44,96.71
2021-12-01,121.2,112.3,115.85,107.24,94.53
2021-12-02,118.69,110.88,116.68,108.88,97.17
2021-12-03,119.05,112.19,114.65,107.93,95.18
2021-12-06,117.61,111.26,115.57,109.2,97.09
2021-12-07,118.43,110.98,119.05,111.46,99.34
2021-12-08,118.15,110.52,119.58,111.75,100.02
2021-12-09,119.09,112.26,117.82,110.99,97.76
2021-12-10,120.72,113.63,119.11,112.04,97.49
2021-12-13,121.09,114.62,117.38,111.04,95.77
2021-12-14,120.89,114.82,116.17,110.27,94.95
2021-12-15,121.72,114.78,118.82,111.99,96.46
2021-12-16,121.05,116.09,115.77,111.01,94.51
2021-12-17,119.33,113.39,115.19,109.44,95.38
2021-12-20,119.69,113.77,113.92,108.28,94.04
2021-12-21,118.95,112.54,116.47,110.21,96.73
2021-12-22,119.26,112.59,117.89,111.31,97.66
2021-12-23,119.2,112.39,118.78,112.0,98.44
2021-12-27,120.04,112.92,120.74,113.59,99.37
2021-12-28,120.22,113.52,120.18,113.5,98.76
2021-12-29,120.08,113.55,120.17,113.65,98.87
2021-12-30,119.76,113.26,119.81,113.33,98.84
2021-12-31,119.28,113.23,119.07,113.05,98.62
2022-01-03,118.88,112.42,120.21,113.7,99.89
2022-01-04,117.52,112.56,118.65,113.67,99.74
2022-01-05,117.89,114.21,115.0,111.49,96.36
2022-01-06,117.14,113.46,114.92,111.39,96.91
2022-01-07,117.23,114.32,113.68,110.94,95.79
2022-01-10,117.72,114.59,113.76,110.81,95.45
2022-01-11,118.24,114.41,115.47,111.82,96.46
2022-01-12,119.59,115.57,115.93,112.12,95.75
2022-01-13,117.7,115.04,113.03,110.57,94.87
2022-01-14,118.26,114.92,113.73,110.62,95.0
2022-01-18,118.89,116.36,110.9,108.66,92.13
2022-01-19,119.52,117.05,109.68,107.53,90.63
2022-01-20,120.13,117.86,108.26,106.33,88.99
2022-01-21,119.05,117.76,105.26,104.25,87.33
2022-01-24,116.86,115.54,105.74,104.69,89.34
2022-01-25,115.7,115.67,103.29,103.41,88.15
2022-01-26,117.18,117.05,103.12,103.15,86.88
2022-01-27,118.66,119.13,102.08,102.65,84.91
2022-01-28,120.07,119.76,105.29,105.19,86.56
2022-01-31,120.23,118.24,108.66,107.09,89.22
2022-02-01,119.78,117.8,109.39,107.81,90.16
2022-02-02,121.94,120.11,110.28,108.86,89.26
2022-02-03,119.29,119.56,105.8,106.3,87.58
2022-02-04,120.28,119.61,107.14,106.8,87.95
2022-02-07,118.73,118.64,106.28,106.46,88.38
2022-02-08,118.03,117.58,107.47,107.33,89.9
2022-02-09,118.29,117.07,109.75,108.9,91.6
2022-02-10,117.43,116.75,107.27,106.94,90.2
2022-02-11,114.89,115.63,103.87,104.83,89.29
2022-02-14,115.43,115.65,103.99,104.49,88.98
2022-02-15,115.2,114.42,106.57,106.17,91.36
2022-02-16,114.92,114.3,106.54,106.29,91.55
2022-02-17,114.45,114.78,103.37,104.01,89.21
2022-02-18,114.13,115.02,102.2,103.34,88.44
2022-02-22,114.6,115.41,101.17,102.23,87.2
2022-02-23,113.81,115.53,98.58,100.42,85.57
2022-02-24,114.65,114.23,101.9,101.93,87.81
2022-02-25,113.85,114.19,103.48,104.18,89.78
2022-02-28,113.73,113.44,103.79,103.91,90.14
2022-03-01,114.13,113.84,102.2,102.33,88.45
2022-03-02,113.33,113.23,103.92,104.21,90.55
2022-03-03,113.05,114.0,102.43,103.69,89.48
2022-03-04,113.19,114.87,100.94,102.85,88.08
2022-03-07,111.83,114.34,97.22,99.82,85.89
2022-03-08,110.69,112.84,96.76,99.06,86.36
2022-03-09,111.55,112.68,100.25,101.71,88.79
2022-03-10,110.51,112.38,99.13,101.25,88.63
2022-03-11,109.99,112.75,97.08,99.97,87.22
2022-03-14,110.13,114.22,95.22,99.24,85.44
2022-03-15,111.83,114.92,98.21,101.42,86.8
2022-03-16,112.46,113.85,101.85,103.67,89.53
2022-03-17,112.05,113.49,103.08,104.97,90.94
2022-03-18,113.17,113.18,105.2,105.79,91.89
2022-03-21,113.72,114.14,104.78,105.76,91.08
2022-03-22,114.81,114.34,106.83,106.99,91.99
2022-03-23,115.14,114.84,105.29,105.61,90.4
2022-03-24,116.61,115.48,107.63,107.21,91.26
2022-03-25,116.35,115.89,107.54,107.73,91.39
2022-03-28,118.12,116.68,109.21,108.5,91.41
2022-03-29,116.98,115.0,111.09,109.84,93.86
2022-03-30,118.04,116.59,109.85,109.16,91.98
2022-03-31,117.82,116.04,108.49,107.48,91.0
2022-04-01,116.28,115.06,108.29,107.78,92.02
2022-04-04,118.49,115.87,110.52,108.71,92.17
2022-04-05,118.67,117.15,108.06,107.34,89.98
2022-04-06,117.78,117.64,105.72,106.27,88.71
2022-04-07,118.44,118.61,105.97,106.8,88.42
2022-04-08,117.73,119.24,104.49,106.51,87.72
2022-04-11,115.72,118.0,102.01,104.69,87.13
2022-04-12,114.87,117.18,101.58,104.3,87.41
2022-04-13,115.02,116.3,103.65,105.5,89.07
2022-04-14,113.5,115.98,101.27,104.18,88.2
2022-04-18,114.35,116.8,101.35,104.22,87.61
2022-04-19,114.64,116.36,103.62,105.9,89.36
2022-04-20,112.53,115.83,102.11,105.83,89.7
2022-04-21,112.72,116.69,100.0,104.24,87.69
2022-04-22,112.68,116.52,97.38,101.38,85.42
2022-04-25,113.45,116.48,98.63,101.97,85.94
2022-04-26,112.74,116.77,94.9,99.01,83.23
2022-04-27,113.07,117.59,94.79,99.29,82.88
2022-04-28,114.97,118.37,98.16,101.8,84.43
2022-04-29,113.12,117.41,93.74,98.04,81.99
2022-05-02,113.82,116.88,95.3,98.63,82.85
2022-05-03,112.97,116.41,95.41,99.08,83.56
2022-05-04,113.77,116.85,98.63,102.1,85.79
2022-05-05,112.66,117.45,93.66,98.48,82.31
2022-05-06,113.18,118.7,92.54,97.89,80.94
2022-05-09,113.52,119.89,88.92,94.75,77.54
2022-05-10,114.87,120.13,90.01,94.97,77.56
2022-05-11,114.33,121.22,87.34,93.46,75.63
2022-05-12,112.71,119.68,87.13,93.37,76.51
2022-05-13,113.31,118.74,90.36,95.6,78.94
2022-05-16,112.54,118.83,89.31,95.21,78.56
2022-05-17,112.01,117.64,91.62,97.17,80.96
2022-05-18,110.43,117.01,87.12,93.25,78.13
2022-05-19,109.66,116.11,86.65,92.68,78.26
2022-05-20,109.59,116.45,86.38,92.72,78.06
2022-05-23,110.09,117.22,87.82,94.45,79.0
2022-05-24,109.37,118.06,85.95,93.74,77.84
2022-05-25,108.93,116.98,87.15,94.56,79.24
2022-05-26,109.52,116.71,89.56,96.45,81.0
2022-05-27,110.16,116.43,92.49,98.82,83.18
2022-05-31,111.23,117.22,92.24,98.26,82.15
2022-06-01,111.04,116.94,91.56,97.47,81.68
2022-06-02,111.37,116.31,94.07,99.32,83.68
2022-06-03,109.48,115.44,91.62,97.69,82.92
2022-06-06,109.37,115.29,91.93,97.98,83.28
2022-06-07,108.55,114.55,92.72,98.92,84.62
2022-06-08,109.45,115.07,92.05,97.85,83.31
2022-06-09,109.07,115.01,89.58,95.52,81.37
2022-06-10,108.17,114.8,86.42,92.75,79.16
2022-06-13,108.23,115.83,82.4,89.22,75.44
2022-06-14,108.94,116.04,82.55,88.95,75.08
2022-06-15,110.06,116.0,84.6,90.23,76.18
2022-06-16,110.72,117.53,81.19,87.24,72.65
2022-06-17,111.21,116.36,82.19,87.05,73.22
2022-06-21,111.8,117.21,84.09,89.24,74.53
2022-06-22,111.84,117.22,83.97,89.08,74.38
2022-06-23,112.17,116.96,85.22,89.95,75.28
2022-06-24,112.54,117.06,88.14,92.81,77.61
2022-06-27,111.3,116.18,87.5,92.46,77.9
2022-06-28,110.0,115.99,84.83,90.58,76.43
2022-06-29,111.21,117.07,84.9,90.5,75.66
2022-06-30,110.7,117.04,83.85,89.77,75.07
2022-07-01,110.09,116.86,84.4,90.72,75.98
2022-07-05,111.06,116.11,85.85,90.89,76.61
2022-07-06,112.59,117.37,86.4,91.2,76.04
2022-07-07,112.33,116.34,88.25,92.57,77.85
2022-07-08,112.48,116.26,88.35,92.5,77.84
2022-07-11,112.34,117.27,86.47,91.44,76.27
2022-07-12,111.63,116.64,85.63,90.64,76.01
2022-07-13,111.5,116.13,85.45,90.16,75.95
2022-07-14,113.05,117.05,85.76,89.94,75.16
2022-07-15,112.74,116.85,87.31,91.66,76.73
2022-07-18,112.1,116.2,86.57,90.9,76.51
2022-07-19,111.59,115.24,89.23,93.35,79.21
2022-07-20,111.61,114.17,90.65,93.95,80.46
2022-07-21,112.65,114.75,91.95,94.91,80.87
2022-07-22,112.48,115.52,90.34,94.03,79.57
2022-07-25,111.25,115.06,89.83,94.14,79.99
2022-07-26,109.76,114.41,88.07,93.03,79.49
2022-07-27,111.89,114.78,91.78,95.45,81.3
2022-07-28,111.45,114.64,92.68,96.64,82.42
2022-07-29,112.69,115.5,94.37,98.05,83.0
2022-08-01,112.67,115.2,94.31,97.76,82.97
2022-08-02,112.44,114.56,94.03,97.11,82.89
2022-08-03,113.85,114.67,96.59,98.64,84.1
2022-08-04,114.62,114.83,97.04,98.57,83.93
2022-08-05,112.8,113.75,96.25,98.4,84.57
2022-08-08,111.24,112.41,95.94,98.28,85.47
2022-08-09,111.5,113.49,94.85,97.89,84.31
2022-08-10,111.42,112.63,97.5,99.94,86.72
2022-08-11,110.37,112.21,96.94,99.94,87.04
2022-08-12,110.27,111.82,98.83,101.63,88.82
2022-08-15,110.78,111.88,99.64,102.05,89.13
2022-08-16,110.57,112.15,99.41,102.25,89.09
2022-08-17,111.17,113.24,98.27,101.53,87.59
2022-08-18,110.7,112.82,98.51,101.82,88.17
2022-08-19,110.92,113.73,96.59,100.46,86.28
2022-08-22,110.29,113.71,94.05,98.37,84.5
2022-08-23,110.02,113.26,93.97,98.13,84.63
2022-08-24,109.51,112.76,94.24,98.45,85.28
2022-08-25,109.75,112.6,95.91,99.83,86.6
2022-08-26,108.86,112.5,91.98,96.46,83.75
2022-08-29,108.78,112.79,91.07,95.82,82.98
2022-08-30,109.1,113.13,90.06,94.77,81.82
2022-08-31,109.13,112.96,89.54,94.05,81.32
2022-09-01,110.36,114.54,89.57,94.34,80.43
2022-09-02,109.67,114.23,88.31,93.35,79.81
2022-09-06,109.97,114.93,87.67,92.99,79.01
2022-09-07,109.79,114.49,89.44,94.67,80.74
2022-09-08,109.45,114.29,89.91,95.28,81.41
2022-09-09,109.65,113.76,91.88,96.76,83.04
2022-09-12,109.62,113.6,92.97,97.8,84.05
2022-09-13,107.9,113.1,87.88,93.54,80.76
2022-09-14,108.34,113.09,88.57,93.9,81.08
2022-09-15,107.32,112.63,87.09,92.83,80.49
2022-09-16,108.22,112.94,86.56,91.74,79.32
2022-09-19,107.95,112.86,87.08,92.46,79.99
2022-09-20,108.55,113.1,86.38,91.39,78.9
2022-09-21,108.27,112.86,84.84,89.8,77.7
2022-09-22,109.37,114.45,83.79,89.05,75.95
2022-09-23,110.19,115.26,82.43,87.55,74.14
2022-09-26,111.81,116.28,82.09,86.69,72.75
2022-09-27,111.48,115.58,82.12,86.46,73.0
2022-09-28,110.17,114.21,83.76,88.16,75.3
2022-09-29,109.47,114.38,81.35,86.32,73.62
2022-09-30,108.41,113.44,79.96,84.98,73.08
2022-10-03,108.08,113.43,81.84,87.23,75.01
2022-10-04,107.2,112.45,84.41,89.93,77.98
2022-10-05,107.94,113.03,84.37,89.72,77.41
2022-10-06,107.69,112.5,83.7,88.8,76.97
2022-10-07,106.75,112.67,80.51,86.32,74.71
2022-10-10,106.28,112.44,79.71,85.67,74.29
2022-10-11,104.79,111.7,78.62,85.13,74.32
2022-10-12,105.04,111.63,78.59,84.85,74.11
2022-10-13,104.91,111.81,80.44,87.09,75.95
2022-10-14,104.56,112.26,78.02,85.1,73.92
2022-10-17,104.68,111.56,80.59,87.29,76.27
2022-10-18,104.26,111.54,81.23,88.31,77.18
2022-10-19,105.66,112.64,80.94,87.68,75.87
2022-10-20,106.46,113.13,80.52,86.95,74.91
2022-10-21,106.64,113.42,82.41,89.06,76.53
2022-10-24,107.35,114.32,83.32,90.14,76.86
2022-10-25,106.65,113.03,85.04,91.59,78.96
2022-10-26,103.77,111.62,83.16,90.9,79.35
2022-10-27,101.86,111.01,81.65,90.42,79.36
2022-10-28,102.66,111.13,84.15,92.57,81.16
2022-10-31,101.38,110.23,83.17,91.9,81.24
2022-11-01,100.2,109.59,82.32,91.5,81.35
2022-11-02,100.09,110.48,79.5,89.2,78.65
2022-11-03,98.81,110.08,77.95,88.28,78.12
2022-11-04,99.07,110.18,79.2,89.55,79.18
2022-11-07,99.71,110.74,80.07,90.41,79.53
2022-11-08,100.4,111.3,80.66,90.9,79.57
2022-11-09,100.84,112.07,78.79,89.03,77.38
2022-11-10,102.07,111.33,84.61,93.93,82.14
2022-11-11,103.11,111.49,86.17,94.84,82.82
2022-11-14,103.36,111.79,85.41,94.03,81.89
2022-11-15,103.26,111.09,86.59,94.83,83.1
2022-11-16,103.67,112.2,85.41,94.11,81.64
2022-11-17,104.41,112.9,85.22,93.82,80.88
2022-11-18,103.73,112.67,85.22,94.24,81.41
2022-11-21,103.2,112.85,84.34,93.9,80.98
2022-11-22,103.58,113.17,85.56,95.17,81.85
2022-11-23,104.35,113.59,86.41,95.77,82.06
2022-11-25,103.44,113.32,85.84,95.75,82.23
2022-11-28,104.01,113.8,84.58,94.22,80.57
2022-11-29,102.92,113.28,83.94,94.06,80.81
2022-11-30,104.79,113.74,87.77,97.02,83.02
2022-12-01,105.14,113.91,87.87,96.95,82.84
2022-12-02,104.11,113.11,87.52,96.84,83.32
2022-12-05,105.23,114.19,86.05,95.09,81.03
2022-12-06,104.66,114.29,84.27,93.72,79.79
2022-12-07,104.53,114.43,83.92,93.56,79.56
2022-12-08,105.02,114.5,84.91,94.29,80.13
2022-12-09,105.63,115.05,84.37,93.59,79.14
2022-12-12,105.72,115.35,85.43,94.93,80.08
2022-12-13,106.47,115.8,86.36,95.66,80.37
2022-12-14,106.38,115.82,85.72,95.04,79.84
2022-12-15,105.47,115.88,82.84,92.72,77.85
2022-12-16,105.26,114.86,82.05,91.2,77.26
2022-12-19,104.95,115.43,80.7,90.43,76.22
2022-12-20,104.31,114.98,80.64,90.56,76.62
2022-12-21,104.03,114.73,81.81,91.91,77.94
2022-12-22,102.85,114.59,79.8,90.6,76.92
2022-12-23,102.6,114.73,79.98,91.12,77.28
2022-12-27,101.84,115.05,78.85,90.77,76.76
2022-12-28,102.07,115.41,77.81,89.64,75.57
2022-12-29,101.98,114.56,79.71,91.26,77.48
2022-12-30,102.21,114.59,79.66,91.02,77.26
2023-01-03,102.07,114.74,79.12,90.64,76.84
2023-01-04,101.29,114.18,79.5,91.34,77.8
2023-01-05,100.78,114.1,78.25,90.29,76.97
2023-01-06,101.3,114.15,80.41,92.36,78.7
2023-01-09,101.78,113.89,80.93,92.31,78.83
2023-01-10,101.14,113.0,81.62,92.95,80.0
2023-01-11,101.63,113.01,83.03,94.12,81.0
2023-01-12,100.47,111.52,83.48,94.46,82.36
2023-01-13,100.5,111.22,84.06,94.83,82.9
2023-01-17,100.82,111.15,84.23,94.66,82.8
2023-01-18,101.14,111.2,83.13,93.17,81.46
2023-01-19,101.12,111.45,82.32,92.49,80.68
2023-01-20,102.22,111.69,84.57,94.21,82.01
2023-01-23,103.23,111.64,86.45,95.34,83.03
2023-01-24,103.24,111.75,86.28,95.23,82.85
2023-01-25,102.72,111.48,86.09,95.27,83.09
2023-01-26,104.12,112.05,87.77,96.32,83.58
2023-01-27,104.6,111.71,88.64,96.54,84.03
2023-01-30,103.94,111.86,86.85,95.33,82.86
2023-01-31,102.97,110.79,88.16,96.73,84.87
2023-02-01,103.56,110.22,90.04,97.76,86.2
2023-02-02,105.23,109.66,93.28,99.19,87.9
2023-02-03,104.07,109.23,91.62,98.13,87.31
2023-02-06,104.69,110.15,90.84,97.54,86.05
2023-02-07,106.08,110.78,92.72,98.81,86.68
2023-02-08,105.74,111.19,91.07,97.74,85.42
2023-02-09,106.35,111.83,90.26,96.89,84.18
2023-02-10,105.43,111.87,89.67,97.11,84.35
2023-02-13,105.85,111.83,91.1,98.25,85.36
2023-02-14,106.69,111.83,91.78,98.2,85.32
2023-02-15,106.43,111.06,92.48,98.51,86.18
2023-02-16,105.45,110.6,90.75,97.15,85.35
2023-02-17,104.41,110.01,90.1,96.91,85.59
2023-02-21,105.02,111.04,87.97,94.96,83.07
2023-02-22,104.81,110.59,88.03,94.83,83.29
2023-02-23,104.97,110.39,88.79,95.33,83.88
2023-02-24,104.21,110.25,87.31,94.31,83.09
2023-02-27,104.59,110.23,87.94,94.63,83.38
2023-02-28,104.45,109.82,87.83,94.28,83.39
2023-03-01,103.48,109.26,87.12,93.92,83.5
2023-03-02,104.09,109.85,87.85,94.65,83.7
2023-03-03,104.79,110.08,89.66,96.17,84.87
2023-03-06,106.44,111.76,89.76,96.24,83.63
2023-03-07,106.36,111.35,88.66,94.76,82.66
2023-03-08,106.84,111.47,89.1,94.92,82.7
2023-03-09,107.96,112.52,87.56,93.17,80.4
2023-03-10,109.56,114.14,86.33,91.83,78.08
2023-03-13,112.16,115.84,86.97,91.7,76.81
2023-03-14,112.66,115.61,88.97,93.21,78.23
2023-03-15,115.11,116.79,89.44,92.62,76.94
2023-03-16,116.57,117.23,91.8,94.25,77.99
2023-03-17,119.17,118.58,91.37,92.78,75.89
2023-03-20,117.86,118.17,91.55,93.68,76.88
2023-03-21,117.38,117.55,92.86,94.9,78.29
2023-03-22,119.11,118.89,91.6,93.29,76.07
2023-03-23,121.5,120.17,92.69,93.54,75.45
2023-03-24,120.85,119.88,93.03,94.16,76.13
2023-03-27,118.68,118.78,92.39,94.34,76.97
2023-03-28,118.21,118.69,91.9,94.13,76.87
2023-03-29,119.02,119.05,93.57,95.5,77.74
2023-03-30,120.31,119.92,94.46,96.06,77.63
2023-03-31,120.1,119.41,96.03,97.41,79.06
2023-04-03,119.76,119.81,95.8,97.78,79.09
2023-04-04,121.45,121.25,95.47,97.25,77.71
2023-04-05,121.44,122.12,94.52,96.99,76.95
2023-04-06,122.07,122.42,95.16,97.37,77.06
2023-04-10,120.69,121.23,95.1,97.47,77.89
2023-04-11,118.96,120.31,94.49,97.5,78.5
2023-04-12,118.79,120.69,93.66,97.1,77.93
2023-04-13,119.53,120.69,95.5,98.39,78.97
2023-04-14,120.42,121.53,95.32,98.15,78.23
2023-04-17,118.96,120.4,95.39,98.51,79.24
2023-04-18,119.49,121.0,95.4,98.58,78.9
2023-04-19,119.27,120.82,95.35,98.56,79.0
2023-04-20,118.98,120.78,94.63,98.01,78.59
2023-04-21,118.95,120.72,94.72,98.09,78.7
2023-04-24,118.78,120.92,94.52,98.19,78.64
2023-04-25,119.47,121.99,92.74,96.63,76.7
2023-04-26,121.35,122.65,93.3,96.22,75.96
2023-04-27,123.02,123.44,95.84,98.14,76.98
2023-04-28,122.79,123.41,96.5,98.97,77.66
2023-05-01,122.58,123.21,96.4,98.87,77.7
2023-05-02,124.02,124.36,95.56,97.77,76.11
2023-05-03,122.76,123.04,94.94,97.09,76.39
2023-05-04,123.71,123.54,94.6,96.4,75.54
2023-05-05,123.4,122.89,96.62,98.18,77.33
2023-05-08,123.99,123.21,96.86,98.21,77.16
2023-05-09,123.58,123.03,96.25,97.78,76.92
2023-05-10,124.3,122.99,97.3,98.24,77.32
2023-05-11,125.66,123.72,97.62,98.07,76.72
2023-05-12,125.46,123.81,97.27,97.95,76.57
2023-05-15,124.61,122.73,97.79,98.29,77.5
2023-05-16,126.57,123.7,97.9,97.63,76.37
2023-05-17,125.27,122.44,99.09,98.81,78.07
2023-05-18,126.84,122.87,100.93,99.76,78.55
2023-05-19,127.32,123.43,100.7,99.61,78.07
2023-05-22,126.2,121.98,101.04,99.65,79.02
2023-05-23,125.19,121.18,99.76,98.54,78.65
2023-05-24,125.88,121.6,99.25,97.83,77.82
2023-05-25,129.92,123.6,101.66,98.68,77.21
2023-05-26,131.77,123.8,104.26,99.96,78.09
2023-05-30,132.85,124.31,104.73,100.0,77.8
2023-05-31,133.4,124.86,104.13,99.45,77.03
2023-06-01,133.51,124.69,105.34,100.39,77.86
2023-06-02,129.67,121.97,106.13,101.85,80.69
2023-06-05,131.49,123.38,106.21,101.66,79.61
2023-06-06,128.01,120.4,106.19,101.88,81.7
2023-06-07,123.8,118.07,104.38,101.52,83.0
2023-06-08,125.79,119.21,105.68,102.13,82.7
2023-06-09,127.29,120.39,106.08,102.32,82.03
2023-06-12,128.91,120.98,107.87,103.25,82.37
2023-06-13,128.42,120.39,108.7,103.93,83.32
2023-06-14,130.73,121.82,109.49,104.05,82.43
2023-06-15,131.21,122.34,110.8,105.34,83.1
2023-06-16,131.43,122.45,110.1,104.6,82.44
2023-06-20,131.64,122.35,109.79,104.05,82.07
2023-06-21,130.16,122.0,108.3,103.52,81.89
2023-06-22,132.66,123.35,109.57,103.89,81.28
2023-06-23,133.34,124.27,108.49,103.11,80.05
2023-06-26,131.42,123.64,107.04,102.68,80.13
2023-06-27,131.79,123.22,108.88,103.81,81.29
2023-06-28,131.41,122.68,109.1,103.86,81.68
2023-06-29,129.64,121.74,108.88,104.27,82.62
2023-06-30,131.01,122.6,110.55,105.5,83.02
2023-07-03,131.06,122.5,110.82,105.63,83.19
2023-07-05,132.37,123.54,110.82,105.47,82.35
2023-07-06,133.5,124.56,109.98,104.64,81.03
2023-07-07,131.64,122.93,109.61,104.38,81.89
2023-07-10,129.43,121.14,109.65,104.64,83.29
2023-07-11,128.73,120.66,110.18,105.31,84.15
2023-07-12,128.95,120.31,111.57,106.16,85.06
2023-07-13,130.1,120.29,113.47,107.0,85.75
2023-07-14,131.35,121.4,113.45,106.93,84.91
2023-07-17,131.16,120.52,114.5,107.31,85.82
2023-07-18,130.63,119.93,115.44,108.1,86.88
2023-07-19,130.05,119.69,115.42,108.34,87.24
2023-07-20,128.18,119.94,112.75,107.62,86.48
2023-07-21,128.2,120.33,112.41,107.62,86.2
2023-07-24,128.09,120.57,112.59,108.11,86.42
2023-07-25,128.97,120.91,113.36,108.4,86.41
2023-07-26,127.53,119.98,112.98,108.42,87.09
2023-07-27,128.87,120.73,112.71,107.7,85.97
2023-07-28,129.55,120.36,114.76,108.76,87.08
2023-07-31,128.11,119.19,114.82,108.97,88.09
2023-08-01,128.41,119.39,114.56,108.65,87.68
2023-08-02,127.34,119.36,112.05,107.14,86.49
2023-08-03,127.49,119.34,111.87,106.83,86.25
2023-08-04,127.15,119.05,111.34,106.35,86.08
2023-08-07,128.14,120.0,112.29,107.27,86.14
2023-08-08,127.86,120.24,111.34,106.81,85.6
2023-08-09,127.45,120.37,110.11,106.1,84.93
2023-08-10,128.24,120.95,110.31,106.14,84.55
2023-08-11,127.24,120.71,109.6,106.08,84.67
2023-08-14,128.88,121.58,110.83,106.66,84.53
2023-08-15,129.22,121.77,109.66,105.42,83.41
2023-08-16,129.42,122.37,108.49,104.65,82.39
2023-08-17,129.54,122.88,107.31,103.86,81.42
2023-08-18,128.67,122.28,107.17,103.91,81.86
2023-08-21,130.94,123.26,108.9,104.58,81.74
2023-08-22,131.15,123.29,108.74,104.3,81.49
2023-08-23,131.82,123.34,110.46,105.46,82.37
2023-08-24,130.81,123.33,108.1,103.99,81.23
2023-08-25,131.27,123.66,108.94,104.72,81.58
2023-08-28,131.09,123.34,109.76,105.38,82.3
2023-08-29,132.11,123.4,112.15,106.91,83.46
2023-08-30,132.35,123.44,112.78,107.35,83.77
2023-08-31,132.97,123.47,113.12,107.19,83.63
2023-09-01,131.24,122.23,112.99,107.39,84.63
2023-09-05,134.18,124.28,113.14,106.93,82.84
2023-09-06,133.5,123.91,112.15,106.21,82.53
2023-09-07,133.83,124.73,111.34,105.88,81.73
2023-09-08,134.31,125.19,111.49,106.04,81.55
2023-09-11,135.58,125.72,112.81,106.74,81.75
2023-09-12,134.21,125.15,111.56,106.15,81.67
2023-09-13,135.6,126.13,111.98,106.28,81.13
2023-09-14,134.8,125.43,112.9,107.2,82.27
2023-09-15,133.91,124.81,110.97,105.53,81.41
2023-09-18,134.74,125.71,110.92,105.6,80.87
2023-09-19,134.98,125.93,110.69,105.38,80.56
2023-09-20,134.39,126.03,109.1,104.41,79.75
2023-09-21,134.01,125.91,107.1,102.68,78.52
2023-09-22,134.34,125.92,107.11,102.46,78.33
2023-09-25,134.36,125.88,107.61,102.89,78.69
2023-09-26,134.7,126.23,106.0,101.38,77.31
2023-09-27,133.76,125.11,106.24,101.42,78.03
2023-09-28,133.68,124.71,107.14,102.0,78.73
2023-09-29,134.4,125.0,107.21,101.76,78.36
2023-10-02,137.54,126.83,108.1,101.72,77.18
2023-10-03,137.45,127.27,106.21,100.36,75.88
2023-10-04,139.25,128.13,107.65,101.09,75.92
2023-10-05,138.73,127.98,107.34,101.05,75.98
2023-10-06,139.73,128.27,109.15,102.25,76.71
2023-10-09,139.63,128.35,109.7,102.91,77.15
2023-10-10,138.82,127.57,110.31,103.44,78.03
2023-10-11,140.04,128.3,111.09,103.86,77.89
2023-10-12,142.72,130.42,110.7,103.23,76.13
2023-10-13,142.11,130.85,109.31,102.71,75.5
2023-10-16,141.41,130.11,110.54,103.79,76.72
2023-10-17,139.36,128.65,110.18,103.79,77.58
2023-10-18,140.4,129.59,108.73,102.41,75.99
2023-10-19,141.32,130.51,107.71,101.51,74.78
2023-10-20,141.03,130.59,106.11,100.26,73.81
2023-10-23,142.66,131.47,106.42,100.09,73.19
2023-10-24,142.8,131.32,107.46,100.84,73.82
2023-10-25,141.66,131.59,104.82,99.39,72.6
2023-10-26,138.58,129.67,102.82,98.2,72.79
2023-10-27,140.88,130.62,103.31,97.76,71.93
2023-10-30,141.7,131.47,104.48,98.93,72.33
2023-10-31,141.16,131.16,104.98,99.55,72.95
2023-11-01,142.81,131.82,106.81,100.62,73.37
2023-11-02,141.6,130.83,108.75,102.55,75.33
2023-11-03,139.4,128.46,110.03,103.48,77.38
2023-11-06,141.72,130.37,110.48,103.72,76.41
2023-11-07,143.56,131.19,111.53,104.01,76.14
2023-11-08,145.18,132.68,111.59,104.08,75.33
2023-11-09,146.32,133.7,110.73,103.27,74.16
2023-11-10,147.97,134.29,113.23,104.88,74.99
2023-11-13,147.45,134.1,112.88,104.78,75.02
2023-11-14,142.53,129.34,115.3,106.81,79.14
2023-11-15,142.4,129.39,115.39,107.04,79.27
2023-11-16,144.83,131.65,115.5,107.16,77.99
2023-11-17,142.88,130.0,115.52,107.29,79.06
2023-11-20,143.79,130.25,116.93,108.12,79.51
2023-11-21,144.81,131.64,116.25,107.88,78.49
2023-11-22,144.49,131.33,116.73,108.3,78.98
2023-11-24,143.32,130.52,116.57,108.37,79.51
2023-11-27,143.67,130.72,116.46,108.17,79.25
2023-11-28,144.6,131.36,116.76,108.28,78.94
2023-11-29,143.69,130.57,116.65,108.2,79.36
2023-11-30,142.79,130.59,116.36,108.63,79.66
2023-12-01,139.03,127.54,116.69,109.27,81.99
2023-12-04,136.25,125.52,115.61,108.7,82.86
2023-12-05,138.42,127.17,115.9,108.68,81.75
2023-12-06,137.86,126.89,115.22,108.24,81.61
2023-12-07,138.8,126.94,116.84,109.06,82.19
2023-12-08,138.37,126.52,117.36,109.53,82.82
2023-12-11,139.25,126.75,118.36,109.96,82.99
2023-12-12,140.51,127.46,119.31,110.47,82.91
2023-12-13,137.53,124.9,120.82,111.99,85.72
2023-12-14,133.58,121.83,120.71,112.35,88.1
2023-12-15,135.35,122.16,121.29,111.71,87.36
2023-12-18,135.87,122.79,121.82,112.33,87.4
2023-12-19,133.93,121.16,122.44,113.02,89.09
2023-12-20,135.03,122.27,120.61,111.45,87.04
2023-12-21,134.3,121.36,122.01,112.51,88.52
2023-12-22,133.25,120.47,122.19,112.73,89.34
2023-12-26,132.33,119.41,122.94,113.21,90.5
2023-12-27,132.13,119.21,123.19,113.41,90.82
2023-12-28,132.57,119.71,123.12,113.46,90.47
2023-12-29,134.16,121.31,122.59,113.13,89.0
2024-01-02,132.69,121.35,120.52,112.49,88.47
2024-01-03,134.82,123.59,119.25,111.57,86.11
2024-01-04,134.4,123.44,118.64,111.21,85.94
2024-01-05,134.95,123.98,118.78,111.37,85.69
2024-01-08,135.32,123.52,121.24,112.96,87.23
2024-01-09,136.79,124.43,121.48,112.79,86.45
2024-01-10,137.64,125.07,122.31,113.44,86.51
2024-01-11,139.0,125.99,122.56,113.39,85.83
2024-01-12,139.31,126.29,122.62,113.47,85.69
2024-01-16,141.02,127.39,122.61,113.05,84.62
2024-01-17,141.24,127.58,121.93,112.42,84.02
2024-01-18,142.41,127.97,123.66,113.42,84.52
2024-01-19,143.86,128.34,126.11,114.83,85.33
2024-01-22,140.97,125.86,126.27,115.08,87.16
2024-01-23,141.96,126.59,126.79,115.41,86.9
2024-01-24,143.9,127.77,127.48,115.54,86.19
2024-01-25,142.88,127.4,127.64,116.16,86.91
2024-01-26,142.01,127.22,126.87,116.01,86.91
2024-01-29,140.97,126.0,128.17,116.93,88.44
2024-01-30,141.22,126.97,127.31,116.83,87.68
2024-01-31,141.9,128.0,124.81,114.93,85.54
2024-02-01,141.69,127.97,126.28,116.43,86.68
2024-02-02,144.83,129.99,128.42,117.66,86.22
2024-02-05,146.49,131.17,128.25,117.23,85.13
2024-02-06,144.87,130.37,128.0,117.57,85.89
2024-02-07,146.7,131.76,129.31,118.55,85.7
2024-02-08,144.75,129.81,129.56,118.6,87.0
2024-02-09,143.81,128.44,130.83,119.28,88.42
2024-02-12,140.63,126.05,130.32,119.24,90.03
2024-02-13,144.22,129.5,128.29,117.59,86.33
2024-02-14,142.44,127.67,129.68,118.66,88.33
2024-02-15,139.07,125.14,130.07,119.48,90.69
2024-02-16,139.69,126.22,128.89,118.88,89.45
2024-02-20,140.57,127.27,127.92,118.23,88.22
2024-02-21,140.67,127.98,127.41,118.33,87.8
2024-02-22,143.72,129.66,131.14,120.78,88.47
2024-02-23,142.98,129.45,130.76,120.87,88.68
2024-02-26,142.0,128.15,130.7,120.42,89.23
2024-02-27,140.33,126.58,131.01,120.65,90.5
2024-02-28,140.73,127.45,130.32,120.49,89.76
2024-02-29,140.96,127.02,131.44,120.93,90.39
2024-03-01,141.59,126.86,133.42,122.06,91.35
2024-03-04,141.21,126.84,132.94,121.93,91.26
2024-03-05,140.04,126.79,130.56,120.71,90.39
2024-03-06,139.87,126.48,131.39,121.33,91.06
2024-03-07,140.84,126.69,133.38,122.53,91.82
2024-03-08,138.89,126.0,131.46,121.79,91.77
2024-03-11,139.48,126.88,130.98,121.68,91.04
2024-03-12,141.67,128.43,132.85,123.0,90.91
2024-03-13,140.02,127.73,131.83,122.8,91.27
2024-03-14,142.18,129.76,131.5,122.55,89.63
2024-03-15,140.22,128.23,129.93,121.34,89.8
2024-03-18,142.17,129.71,131.0,122.06,89.29
2024-03-19,141.92,129.89,131.32,122.74,89.67
2024-03-20,140.8,128.52,132.89,123.87,91.44
2024-03-21,140.21,127.8,133.51,124.28,92.26
2024-03-22,142.3,129.32,133.66,124.04,90.98
2024-03-25,141.46,128.66,133.18,123.69,91.19
2024-03-26,141.26,128.66,132.75,123.47,91.03
2024-03-27,138.66,126.94,133.2,124.51,93.01
2024-03-28,137.98,126.52,132.96,124.48,93.3
2024-04-01,139.57,127.49,133.24,124.27,92.42
2024-04-02,140.94,129.02,132.1,123.48,90.72
2024-04-03,140.32,128.31,132.39,123.61,91.32
2024-04-04,139.58,128.03,130.36,122.1,90.41
2024-04-05,140.76,128.94,131.9,123.37,90.71
2024-04-08,140.03,128.31,131.94,123.45,91.21
2024-04-09,140.0,127.96,132.43,123.6,91.56
2024-04-10,142.48,130.06,131.28,122.36,89.15
2024-04-11,143.79,130.15,133.38,123.28,89.75
2024-04-12,144.06,130.67,131.26,121.58,88.15
2024-04-15,143.79,130.94,129.09,120.06,86.87
2024-04-16,144.34,131.19,129.1,119.84,86.55
2024-04-17,144.11,131.81,127.53,119.13,85.63
2024-04-18,143.4,131.64,126.8,118.88,85.56
2024-04-19,140.2,130.28,124.18,117.85,85.7
2024-04-22,140.05,130.02,125.43,118.93,86.66
2024-04-23,139.8,129.4,127.3,120.35,88.1
2024-04-24,140.9,129.92,127.73,120.29,87.71
2024-04-25,141.08,130.21,127.12,119.83,87.17
2024-04-26,141.9,130.2,129.08,120.97,88.01
2024-04-29,141.33,129.6,129.61,121.39,88.72
2024-04-30,141.53,130.19,127.16,119.48,86.92
2024-05-01,140.22,129.5,126.24,119.09,87.1
2024-05-02,139.43,128.33,127.86,120.21,88.71
2024-05-03,140.85,128.65,130.43,121.7,89.58
2024-05-06,140.58,128.32,131.86,122.96,90.74
2024-05-07,140.3,128.17,131.89,123.09,90.94
2024-05-08,141.03,128.93,131.81,123.1,90.41
2024-05-09,139.9,128.36,132.1,123.82,91.33
2024-05-10,141.29,129.49,132.41,123.98,90.65
2024-05-13,141.32,129.23,132.72,123.99,90.84
2024-05-14,140.75,128.48,133.57,124.56,91.78
2024-05-15,141.19,128.47,135.65,126.11,92.93
2024-05-16,141.92,129.13,135.38,125.84,92.26
2024-05-17,141.75,129.22,135.31,126.02,92.33
2024-05-20,142.43,129.09,136.26,126.17,92.53
2024-05-21,142.86,129.54,136.53,126.49,92.44
2024-05-22,144.03,130.25,136.51,126.12,91.66
2024-05-23,145.75,131.44,135.89,125.2,90.16
2024-05-24,145.51,130.85,137.18,126.02,91.16
2024-05-28,146.27,131.12,137.7,126.11,91.03
2024-05-29,147.41,132.14,136.74,125.23,89.68
2024-05-30,144.43,130.02,135.28,124.4,90.54
2024-05-31,142.95,130.11,135.02,125.54,91.3
2024-06-03,144.52,130.94,135.75,125.64,90.78
2024-06-04,146.77,132.77,136.12,125.77,89.61
2024-06-05,147.49,132.32,138.87,127.27,90.98
2024-06-06,148.51,133.27,138.82,127.27,90.33
2024-06-07,150.11,134.67,138.7,127.12,89.27
2024-06-10,150.2,134.63,139.25,127.51,89.58
2024-06-11,152.17,135.79,140.21,127.82,89.02
2024-06-12,151.82,134.81,142.05,128.87,90.39
2024-06-13,153.96,136.26,142.82,129.12,89.61
2024-06-14,157.21,138.5,143.56,129.2,88.18
2024-06-17,157.81,138.45,145.31,130.23,88.92
2024-06-18,157.59,138.56,145.36,130.56,89.07
2024-06-20,157.03,138.77,144.24,130.21,88.7
2024-06-21,156.25,137.81,143.85,129.61,88.9
2024-06-24,153.55,136.76,141.98,129.18,89.28
2024-06-25,155.8,137.75,143.6,129.68,88.99
2024-06-26,156.54,138.27,143.9,129.84,88.76
2024-06-27,155.36,137.1,144.27,130.05,89.66
2024-06-28,153.92,136.0,143.52,129.54,90.02
2024-07-01,156.12,137.43,144.37,129.81,89.27
2024-07-02,157.23,137.88,145.88,130.68,89.57
2024-07-03,158.56,138.53,147.09,131.27,89.55
2024-07-05,160.97,140.0,148.62,132.03,89.12
2024-07-08,160.23,139.18,148.98,132.19,89.75
2024-07-09,161.08,139.94,149.11,132.32,89.35
2024-07-10,161.18,139.95,150.67,133.63,90.23
2024-07-11,151.86,133.72,147.37,132.48,93.47
2024-07-12,150.98,133.0,148.24,133.32,94.56
2024-07-15,148.52,130.85,148.64,133.69,96.36
2024-07-16,143.52,127.16,148.7,134.48,99.64
2024-07-17,140.8,126.71,144.32,132.6,98.6
2024-07-18,142.86,128.18,143.65,131.58,96.69
2024-07-19,142.32,127.99,142.37,130.71,96.2
2024-07-22,142.17,127.27,144.49,132.05,97.73
2024-07-23,140.17,125.72,143.98,131.84,98.77
2024-07-24,138.15,125.57,138.81,128.85,96.64
2024-07-25,134.9,123.35,137.29,128.18,97.85
2024-07-26,134.07,122.69,138.7,129.62,99.46
2024-07-29,135.82,124.13,138.98,129.69,98.36
2024-07-30,133.45,123.02,137.07,129.03,98.73
2024-07-31,136.62,124.31,141.13,131.14,99.31
2024-08-01,137.76,126.59,137.72,129.27,96.08
2024-08-02,139.37,128.72,134.45,126.87,92.68
2024-08-05,139.7,129.12,130.45,123.18,89.69
2024-08-06,139.52,128.9,131.7,124.31,90.67
2024-08-07,139.66,129.55,130.28,123.48,89.6
2024-08-08,140.54,129.4,134.26,126.33,91.78
2024-08-09,141.57,130.24,134.96,126.89,91.59
2024-08-12,143.15,131.48,135.26,126.95,90.76
2024-08-13,144.34,131.46,138.61,129.03,92.26
2024-08-14,145.28,132.7,138.65,129.44,91.69
2024-08-15,145.19,131.53,142.16,131.66,94.06
2024-08-16,145.0,131.48,142.35,131.95,94.31
2024-08-19,145.13,131.14,144.21,133.21,95.46
2024-08-20,146.53,132.46,143.91,133.0,94.34
2024-08-21,145.31,131.19,144.58,133.45,95.57
2024-08-22,144.28,131.32,142.28,132.41,94.73
2024-08-23,141.23,128.52,143.82,133.82,97.75
2024-08-26,139.82,128.18,142.43,133.49,97.78
2024-08-27,141.33,129.36,142.85,133.68,97.01
2024-08-28,140.7,129.48,141.24,132.91,96.35
2024-08-29,139.49,128.58,141.03,132.92,97.04
2024-08-30,140.34,129.05,142.71,134.18,97.6
2024-09-03,140.37,130.34,138.37,131.42,94.61
2024-09-04,140.24,130.31,138.01,131.15,94.45
2024-09-05,141.07,130.64,138.13,130.84,93.98
2024-09-06,139.97,130.93,134.43,128.64,92.2
2024-09-09,141.38,132.03,136.16,130.08,92.45
2024-09-10,142.79,132.72,137.42,130.66,92.38
2024-09-11,145.48,133.7,140.4,132.0,92.65
2024-09-12,145.03,133.1,141.77,133.11,93.84
2024-09-13,142.1,130.5,142.41,133.8,96.16
2024-09-16,140.96,130.23,141.79,134.0,96.51
2024-09-17,139.86,129.2,141.86,134.06,97.31
2024-09-18,139.23,128.79,141.25,133.65,97.33
2024-09-19,139.89,128.34,144.82,135.94,99.33
2024-09-20,141.12,129.09,144.55,135.29,98.27
2024-09-23,141.81,129.89,144.72,135.63,97.91
2024-09-24,142.25,130.05,145.41,136.02,98.07
2024-09-25,144.6,131.79,145.54,135.72,96.54
2024-09-26,144.91,131.62,146.64,136.26,97.05
2024-09-27,143.12,130.53,145.82,136.06,97.71
2024-09-30,143.15,130.72,146.21,136.6,97.96
2024-10-01,143.1,131.33,144.18,135.37,96.63
2024-10-02,143.5,131.56,144.38,135.43,96.49
2024-10-03,144.36,132.21,144.28,135.18,95.84
2024-10-04,144.06,131.56,145.99,136.41,97.19
2024-10-07,143.64,131.4,144.43,135.19,96.43
2024-10-08,145.68,132.56,146.58,136.47,96.5
2024-10-09,146.51,133.18,147.74,137.41,96.71
2024-10-10,147.16,133.67,147.58,137.16,96.18
2024-10-11,144.41,131.76,147.82,137.99,98.13
2024-10-14,144.55,131.87,149.06,139.12,98.86
2024-10-15,142.5,130.73,147.06,138.03,98.93
2024-10-16,140.16,129.14,147.07,138.63,100.57
2024-10-17,140.64,129.5,147.18,138.64,100.29
2024-10-18,141.86,130.26,148.15,139.17,100.08
2024-10-21,144.36,132.1,148.43,138.94,98.51
2024-10-22,145.06,132.54,148.59,138.88,98.14
2024-10-23,144.17,132.54,146.32,137.61,97.25
2024-10-24,145.02,132.54,147.51,137.91,97.46
2024-10-25,146.45,133.0,148.41,137.87,97.09
2024-10-28,144.09,131.24,148.43,138.3,98.67
2024-10-29,145.94,131.87,149.86,138.52,98.36
2024-10-30,145.03,131.66,148.72,138.11,98.22
2024-10-31,143.79,131.27,144.97,135.4,96.59
2024-11-01,144.05,131.08,146.05,135.97,97.13
2024-11-04,142.89,130.13,145.62,135.67,97.62
2024-11-05,142.04,129.26,147.49,137.31,99.46
2024-11-06,137.67,124.99,151.5,140.73,105.22
2024-11-07,140.32,126.39,153.88,141.81,104.85
2024-11-08,139.45,126.0,154.06,142.42,105.63
2024-11-11,137.27,124.23,153.97,142.57,107.21
2024-11-12,139.43,126.02,153.69,142.12,105.33
2024-11-13,140.63,127.33,153.49,142.19,104.29
2024-11-14,141.56,128.24,152.43,141.28,102.88
2024-11-15,140.3,128.51,148.8,139.48,101.35
2024-11-18,140.98,128.78,149.83,140.05,101.55
2024-11-19,140.91,128.3,150.87,140.57,102.3
2024-11-20,140.64,128.17,150.77,140.61,102.44
2024-11-21,139.01,126.92,151.32,141.37,103.99
2024-11-22,136.66,124.96,151.56,141.81,105.92
2024-11-25,134.81,123.49,151.8,142.29,107.53
2024-11-26,136.52,125.03,152.62,143.03,106.74
2024-11-27,135.25,124.48,151.42,142.6,106.89
2024-11-29,135.92,124.78,152.75,143.48,107.3
2024-12-02,137.47,125.07,154.41,143.74,107.25
2024-12-03,138.88,126.02,154.89,143.81,106.48
2024-12-04,140.1,126.35,156.81,144.7,106.87
2024-12-05,141.34,127.62,156.37,144.47,105.62
2024-12-06,142.09,127.4,157.77,144.75,106.0
2024-12-09,141.7,127.39,156.54,144.01,105.47
2024-12-10,141.82,127.54,156.0,143.56,105.01
2024-12-11,143.72,127.95,158.8,144.67,105.49
2024-12-12,144.66,128.95,157.76,143.92,104.11
2024-12-13,146.77,129.81,158.98,143.89,103.4
2024-12-16,148.02,129.61,161.27,144.51,104.01
2024-12-17,149.5,130.94,160.56,143.91,102.51
2024-12-18,150.72,132.84,154.76,139.62,97.97
2024-12-19,150.71,133.38,154.07,139.58,97.54
2024-12-20,150.6,133.28,155.41,140.78,98.45
2024-12-23,152.17,134.38,156.66,141.63,98.23
2024-12-24,152.88,134.68,158.79,143.2,99.1
2024-12-26,151.2,133.31,158.68,143.21,100.12
2024-12-27,151.4,133.85,156.57,141.71,98.66
2024-12-30,150.55,133.36,154.49,140.1,97.9
2024-12-31,149.08,132.7,153.18,139.59,98.03
2025-01-02,148.66,132.27,152.87,139.24,98.11
2025-01-03,148.88,131.95,155.38,140.98,99.57
2025-01-06,150.53,132.66,157.17,141.8,99.61
2025-01-07,149.06,132.22,154.37,140.2,98.81
2025-01-08,149.76,133.02,154.4,140.41,98.37
2025-01-10,150.7,133.91,151.97,138.26,96.2
2025-01-13,149.93,133.87,151.49,138.48,96.39
2025-01-14,148.09,132.53,151.35,138.67,97.48
2025-01-15,148.58,132.33,154.83,141.2,99.4
2025-01-16,147.24,131.81,153.75,140.93,99.6
2025-01-17,149.1,132.57,156.35,142.34,100.03
2025-01-21,147.11,131.24,157.27,143.65,101.95
2025-01-22,149.95,132.83,159.28,144.45,101.29
2025-01-23,149.58,132.95,159.62,145.25,101.76
2025-01-24,149.14,132.93,158.71,144.83,101.47
2025-01-27,146.24,132.34,154.09,142.78,100.5
2025-01-28,148.24,133.33,156.37,144.01,100.61
2025-01-29,148.3,133.04,156.07,143.36,100.38
2025-01-30,147.42,132.4,156.74,144.14,101.4
2025-01-31,148.53,132.89,156.51,143.38,100.49
2025-02-03,149.08,133.55,155.26,142.41,99.31
2025-02-04,148.86,132.6,157.17,143.37,100.68
2025-02-05,147.9,131.7,157.87,143.96,101.78
2025-02-06,149.16,132.6,158.69,144.46,101.44
2025-02-07,149.01,132.91,156.69,143.13,100.27
2025-02-10,150.14,133.22,158.59,144.1,100.72
2025-02-11,150.65,134.1,158.21,144.22,100.13
2025-02-12,152.13,134.9,158.31,143.76,99.21
2025-02-13,152.6,134.81,160.58,145.28,100.33
2025-02-14,153.37,134.92,161.26,145.28,100.25
2025-02-18,152.87,134.57,161.63,145.7,100.8
2025-02-19,153.44,135.35,161.68,146.05,100.46
2025-02-20,154.27,136.08,161.0,145.44,99.5
2025-02-21,155.5,137.67,157.65,142.95,96.63
2025-02-24,154.79,138.03,155.79,142.3,95.94
2025-02-25,153.43,137.86,153.83,141.58,95.57
2025-02-26,153.59,137.75,154.2,141.65,95.7
2025-02-27,151.67,137.66,149.91,139.39,94.23
2025-02-28,152.46,138.34,152.28,141.56,95.23
2025-03-03,153.29,139.7,148.94,139.09,92.63
2025-03-04,154.56,139.63,148.5,137.44,91.58
2025-03-05,155.04,139.74,150.43,138.91,92.49
2025-03-06,153.15,139.39,146.29,136.44,91.08
2025-03-07,153.77,139.71,147.37,137.21,91.38
2025-03-10,151.68,139.52,141.66,133.56,89.07
2025-03-11,151.33,138.37,141.32,132.45,89.06
2025-03-12,152.79,138.87,142.91,133.15,89.22
2025-03-13,152.31,139.09,140.34,131.38,87.89
2025-03-14,152.31,138.61,143.74,134.1,90.01
2025-03-17,151.38,137.93,144.67,135.13,91.15
2025-03-18,150.46,137.94,142.21,133.67,90.15
2025-03-19,150.13,137.29,144.12,135.13,91.56
2025-03-20,150.56,137.76,143.63,134.74,90.98
2025-03-21,152.0,138.24,144.1,134.37,90.42
2025-03-24,151.31,137.27,147.04,136.78,92.67
2025-03-25,153.02,138.37,147.88,137.11,92.15
2025-03-26,151.77,138.14,145.16,135.47,91.21
2025-03-27,151.63,138.43,144.33,135.11,90.77
2025-03-28,150.72,138.46,140.53,132.39,88.93
2025-03-31,151.44,140.05,140.53,133.28,88.5
2025-04-01,152.65,140.43,141.67,133.65,88.51
2025-04-02,151.36,139.09,142.71,134.5,89.91
2025-04-03,152.98,141.16,135.07,127.86,84.14
2025-04-04,150.3,139.2,126.68,120.38,80.39
2025-04-07,152.03,140.22,126.99,120.17,79.66
2025-04-08,153.29,141.7,124.7,118.28,77.56
2025-04-09,158.66,144.54,139.67,130.7,84.15
2025-04-10,158.58,144.28,133.73,124.98,80.62
2025-04-11,159.18,144.74,136.19,127.2,81.8
2025-04-14,158.38,144.44,137.12,128.43,82.76
2025-04-15,158.37,143.86,137.27,128.08,82.86
2025-04-16,155.1,142.05,133.12,125.23,82.06
2025-04-17,153.8,141.08,133.1,125.41,82.74
2025-04-21,153.09,140.56,129.81,122.42,81.07
2025-04-22,153.16,140.57,133.22,125.61,83.17
2025-04-23,154.37,140.67,136.25,127.55,84.41
2025-04-24,155.62,140.81,140.07,130.23,86.09
2025-04-25,157.3,141.78,141.63,131.17,86.12
2025-04-28,156.59,141.24,141.59,131.22,86.48
2025-04-29,156.7,141.3,142.52,132.05,86.99
2025-04-30,157.67,142.25,142.51,132.1,86.44
2025-05-01,158.76,142.38,144.37,133.04,86.98
2025-05-02,157.53,141.28,146.51,135.01,88.94
2025-05-05,157.82,141.56,145.65,134.24,88.25
2025-05-06,158.07,141.92,144.29,133.11,87.29
2025-05-07,158.17,142.04,144.85,133.67,87.58
2025-05-08,156.79,140.34,146.35,134.61,89.24
2025-05-09,156.96,140.41,146.24,134.43,89.08
2025-05-12,157.83,140.1,152.2,138.87,92.22
2025-05-13,159.64,140.51,154.51,139.78,92.56
2025-05-14,162.02,141.94,155.44,139.96,91.73
2025-05-15,161.14,141.71,155.61,140.65,92.33
2025-05-16,160.52,141.43,156.29,141.54,93.1
2025-05-19,161.35,142.18,156.45,141.69,92.71
2025-05-20,160.74,141.62,155.93,141.21,92.75
2025-05-21,163.02,143.21,153.77,138.82,90.15
2025-05-22,163.33,143.27,154.06,138.88,90.15
2025-05-23,162.32,142.74,152.62,137.94,89.87
2025-05-27,162.01,142.08,156.21,140.8,92.15
2025-05-28,163.0,142.75,155.52,139.99,91.18
2025-05-29,162.83,142.88,155.84,140.53,91.45
2025-05-30,162.51,142.91,155.32,140.38,91.34
