"Date","Price","Open","High","Low","Vol.","Change %"
"05/30/2025","518.21","519.44","519.85","512.04","52.79M","-0.33%"
"05/29/2025","519.93","526.33","526.48","517.32","58.72M","0.20%"
"05/28/2025","518.91","522.18","523.68","518.39","46.64M","-0.44%"
"05/27/2025","521.22","516.15","521.71","514.59","47.23M","2.35%"
"05/23/2025","509.24","506.18","511.84","505.58","58.37M","-0.93%"
"05/22/2025","514.00","513.66","517.71","512.30","55.61M","0.19%"
"05/21/2025","513.04","516.27","523.00","511.24","71.29M","-1.39%"
"05/20/2025","520.27","519.47","520.93","516.66","42.52M","-0.33%"
"05/19/2025","522.01","514.24","522.53","514.24","52.54M","0.10%"
"05/16/2025","521.51","520.66","521.70","517.10","48.39M","0.44%"
"05/15/2025","519.25","516.52","521.93","515.17","50.15M","0.11%"
"05/14/2025","518.68","516.77","519.23","515.75","47.01M","0.60%"
"05/13/2025","515.59","509.16","517.39","508.42","53.27M","1.52%"
"05/12/2025","507.85","506.99","507.89","501.48","45.09M","4.07%"
"05/09/2025","487.97","490.21","491.54","486.20","27.77M","-0.07%"
"05/08/2025","488.29","488.53","492.70","484.17","39.58M","1.03%"
"05/07/2025","483.30","482.08","485.80","476.78","38.11M","0.39%"
"05/06/2025","481.41","479.56","485.05","478.19","32.79M","-0.93%"
"05/05/2025","485.93","484.60","489.03","484.10","28.31M","-0.59%"
"05/02/2025","488.83","486.54","490.91","484.83","39.22M","1.48%"
"05/01/2025","481.68","483.41","487.18","480.74","43.32M","1.31%"
"04/30/2025","475.47","467.13","477.20","462.43","46.81M","-0.01%"
"04/29/2025","475.53","470.17","476.42","469.59","30.61M","0.66%"
"04/28/2025","472.41","473.03","474.81","466.03","33.55M","-0.03%"
"04/25/2025","472.56","466.97","473.09","465.39","38.70M","1.11%"
"04/24/2025","467.35","456.48","467.66","455.83","45.96M","2.81%"
"04/23/2025","454.56","458.17","463.38","452.88","55.80M","2.27%"
"04/22/2025","444.48","438.82","447.58","437.62","52.30M","2.63%"
"04/21/2025","433.11","438.23","439.08","427.93","44.15M","-2.47%"
"04/17/2025","444.10","447.17","447.75","441.36","44.84M","-0.02%"
"04/16/2025","444.18","449.03","452.62","437.76","48.98M","-3.02%"
"04/15/2025","457.99","458.54","462.38","456.15","35.40M","0.11%"
"04/14/2025","457.48","464.46","465.05","452.63","43.94M","0.68%"
"04/11/2025","454.40","444.65","455.79","441.33","52.48M","1.84%"
"04/10/2025","446.18","453.56","455.59","432.63","108.38M","-4.25%"
"04/09/2025","466.00","415.57","467.83","415.43","142.88M","12.00%"
"04/08/2025","416.06","438.16","443.14","409.79","101.25M","-1.80%"
"04/07/2025","423.69","408.66","443.14","402.39","161.56M","0.24%"
"04/04/2025","422.67","438.14","440.37","422.67","117.09M","-6.21%"
"04/03/2025","450.66","456.44","460.07","450.14","70.46M","-5.35%"
"04/02/2025","476.15","466.12","479.56","465.86","49.89M","0.73%"
"04/01/2025","472.70","467.30","473.63","464.42","41.16M","0.81%"
"03/31/2025","468.92","461.92","469.86","457.33","53.00M","0.00%"
"03/28/2025","468.94","479.81","480.52","468.05","46.36M","-2.63%"
"03/27/2025","481.62","482.41","486.58","480.25","33.47M","-0.57%"
"03/26/2025","484.38","492.30","493.16","482.82","35.04M","-1.84%"
"03/25/2025","493.46","491.39","493.62","490.42","26.04M","0.57%"
"03/24/2025","490.66","487.74","491.51","484.40","34.57M","2.04%"
"03/21/2025","480.84","474.08","481.61","472.90","42.23M","0.33%"
"03/20/2025","479.26","476.88","484.55","476.18","36.78M","-0.34%"
"03/19/2025","480.89","476.81","485.33","474.87","40.43M","1.34%"
"03/18/2025","474.54","479.41","479.61","472.41","39.07M","-1.70%"
"03/17/2025","482.77","479.61","485.84","477.80","41.74M","0.65%"
"03/14/2025","479.66","473.73","480.56","473.12","43.56M","2.42%"
"03/13/2025","468.34","476.25","476.28","466.43","46.56M","-1.80%"
"03/12/2025","476.92","479.16","481.06","471.79","46.97M","1.13%"
"03/11/2025","471.60","472.35","478.80","467.01","68.76M","-0.24%"
"03/10/2025","472.73","483.45","483.97","468.66","76.67M","-3.88%"
"03/07/2025","491.79","487.16","493.28","480.53","54.71M","0.74%"
"03/06/2025","488.20","493.69","498.58","486.20","57.57M","-2.75%"
"03/05/2025","502.01","496.20","503.63","491.26","46.32M","1.30%"
"03/04/2025","495.55","494.18","503.74","487.73","67.88M","-0.30%"
"03/03/2025","497.05","511.52","513.04","493.58","44.59M","-2.19%"
"02/28/2025","508.17","500.13","508.78","496.93","47.65M","1.58%"
"02/27/2025","500.27","518.13","519.07","500.05","52.45M","-2.78%"
"02/26/2025","514.56","515.53","519.66","511.37","34.46M","0.24%"
"02/25/2025","513.32","519.24","519.32","509.44","48.94M","-1.26%"
"02/24/2025","519.87","527.88","529.07","519.53","39.27M","-1.18%"
"02/21/2025","526.08","538.38","538.40","525.71","47.09M","-2.08%"
"02/20/2025","537.23","538.73","539.10","532.46","26.55M","-0.42%"
"02/19/2025","539.52","538.57","540.81","536.46","19.67M","0.03%"
"02/18/2025","539.37","539.73","540.00","536.04","20.57M","0.23%"
"02/14/2025","538.15","536.01","538.84","535.67","17.86M","0.42%"
"02/13/2025","535.90","529.98","536.22","529.19","28.71M","1.44%"
"02/12/2025","528.30","522.30","529.19","521.95","25.01M","0.06%"
"02/11/2025","527.99","525.96","529.92","525.83","19.33M","-0.24%"
"02/10/2025","529.25","527.22","530.36","526.75","20.85M","1.21%"
"02/07/2025","522.92","530.14","532.10","522.19","29.61M","-1.26%"
"02/06/2025","529.60","527.36","529.81","525.74","19.43M","0.52%"
"02/05/2025","526.85","521.82","527.01","520.62","21.13M","0.45%"
"02/04/2025","524.47","518.63","525.11","518.23","26.05M","1.23%"
"02/03/2025","518.11","513.47","520.85","511.05","40.58M","-0.80%"
"01/31/2025","522.29","526.92","531.52","521.19","38.85M","-0.15%"
"01/30/2025","523.05","523.71","526.09","518.21","27.43M","0.43%"
"01/29/2025","520.83","522.46","522.59","516.90","26.65M","-0.19%"
"01/28/2025","521.81","515.22","523.00","511.78","33.19M","1.48%"
"01/27/2025","514.21","511.00","517.99","510.15","60.77M","-2.91%"
"01/24/2025","529.63","533.02","533.79","528.15","19.88M","-0.57%"
"01/23/2025","532.64","529.04","532.76","528.45","23.10M","0.21%"
"01/22/2025","531.51","529.57","533.82","529.26","33.59M","1.28%"
"01/21/2025","524.80","524.48","525.97","520.06","23.63M","0.59%"
"01/17/2025","521.74","522.85","524.07","513.11","51.84M","1.69%"
"01/16/2025","513.08","518.98","519.06","512.95","28.23M","-0.70%"
"01/15/2025","516.70","513.03","517.85","511.46","34.96M","2.30%"
"01/14/2025","505.08","508.74","510.15","501.59","33.74M","-0.09%"
"01/13/2025","505.56","501.20","506.02","499.70","31.69M","-0.32%"
"01/10/2025","507.19","511.48","511.58","503.92","40.53M","-1.57%"
"01/08/2025","515.27","515.08","516.92","510.57","30.78M","0.02%"
"01/07/2025","515.18","525.59","525.99","513.28","36.69M","-1.78%"
"01/06/2025","524.54","524.02","527.92","522.03","36.11M","1.15%"
"01/03/2025","518.58","513.35","519.65","512.53","29.06M","1.64%"
"01/02/2025","510.23","514.30","516.64","505.71","36.39M","-0.20%"
"12/31/2024","511.23","516.90","517.66","510.26","29.12M","-0.85%"
"12/30/2024","515.61","515.51","519.36","511.83","34.58M","-1.33%"
"12/27/2024","522.56","526.01","526.45","517.86","33.84M","-1.33%"
"12/26/2024","529.60","528.32","531.24","526.31","19.14M","-0.07%"
"12/24/2024","529.96","524.83","530.05","524.19","17.56M","1.36%"
"12/23/2024","522.87","519.55","523.25","516.13","29.67M","0.81%"
"12/20/2024","518.66","510.44","524.82","509.29","60.53M","0.87%"
"12/19/2024","514.17","521.19","521.76","513.83","46.44M","-0.45%"
"12/18/2024","516.47","535.15","536.88","515.01","54.70M","-3.61%"
"12/17/2024","535.80","536.36","537.48","534.13","28.58M","-0.44%"
"12/16/2024","538.17","533.08","539.15","533.00","31.98M","1.44%"
"12/13/2024","530.53","530.46","533.17","527.30","28.78M","0.77%"
"12/12/2024","526.50","527.68","528.96","526.02","23.58M","-0.65%"
"12/11/2024","529.92","525.00","530.61","524.59","32.17M","1.79%"
"12/10/2024","520.60","523.62","525.38","519.16","24.35M","-0.34%"
"12/09/2024","522.38","525.55","526.35","521.22","20.67M","-0.78%"
"12/06/2024","526.48","522.48","526.72","522.35","23.76M","0.89%"
"12/05/2024","521.81","523.31","524.04","521.42","18.17M","-0.28%"
"12/04/2024","523.26","520.32","523.52","519.60","26.09M","1.24%"
"12/03/2024","516.87","513.95","517.15","513.37","18.60M","0.31%"
"12/02/2024","515.29","511.01","516.26","510.62","25.15M","1.09%"
"11/29/2024","509.74","505.93","510.34","505.31","15.33M","0.88%"
"11/27/2024","505.30","508.17","508.24","501.93","24.96M","-0.79%"
"11/26/2024","509.31","508.08","510.14","507.23","26.56M","0.54%"
"11/25/2024","506.59","509.90","511.45","504.26","26.38M","0.16%"
"11/22/2024","505.79","504.42","506.53","502.78","23.83M","0.16%"
"11/21/2024","504.98","506.24","506.96","497.56","34.53M","0.36%"
"11/20/2024","503.17","503.16","503.48","496.55","29.57M","-0.06%"
"11/19/2024","503.46","497.42","503.95","497.08","24.52M","0.69%"
"11/18/2024","500.02","498.13","502.14","496.73","27.19M","0.69%"
"11/15/2024","496.57","502.94","503.33","494.49","51.46M","-2.38%"
"11/14/2024","508.69","511.91","512.79","507.77","28.68M","-0.69%"
"11/13/2024","512.25","512.40","514.98","509.95","24.57M","-0.13%"
"11/12/2024","512.91","513.77","514.66","509.83","25.84M","-0.18%"
"11/11/2024","513.84","515.37","515.58","510.92","24.17M","-0.06%"
"11/08/2024","514.14","513.03","514.92","512.41","22.92M","0.12%"
"11/07/2024","513.54","508.40","514.33","508.34","32.85M","1.57%"
"11/06/2024","505.58","500.56","506.41","499.60","43.08M","2.72%"
"11/05/2024","492.21","487.61","492.88","487.52","24.35M","1.28%"
"11/04/2024","486.01","486.82","489.38","484.25","23.29M","-0.29%"
"11/01/2024","487.43","485.50","490.75","485.20","33.66M","0.74%"
"10/31/2024","483.85","492.38","492.43","483.75","41.25M","-2.52%"
"10/30/2024","496.38","499.39","500.35","495.89","29.76M","-0.76%"
"10/29/2024","500.16","495.72","501.35","493.85","28.01M","0.96%"
"10/28/2024","495.40","498.46","498.52","495.10","20.48M","0.02%"
"10/25/2024","495.32","495.14","500.28","494.43","38.76M","0.61%"
"10/24/2024","492.32","492.11","493.00","489.44","22.02M","0.81%"
"10/23/2024","488.36","493.59","494.25","485.05","39.35M","-1.53%"
"10/22/2024","495.96","492.73","497.45","491.97","26.69M","0.11%"
"10/21/2024","495.42","493.25","496.23","491.31","30.34M","0.19%"
"10/18/2024","494.47","494.06","495.57","493.30","25.34M","0.66%"
"10/17/2024","491.25","496.44","496.49","491.19","27.21M","0.07%"
"10/16/2024","490.91","491.18","491.69","487.57","23.00M","0.01%"
"10/15/2024","490.85","497.83","498.50","488.68","34.78M","-1.34%"
"10/14/2024","497.50","495.77","498.83","495.26","26.06M","0.84%"
"10/11/2024","493.36","490.74","494.39","490.17","20.64M","0.16%"
"10/10/2024","492.59","490.85","494.47","489.53","25.75M","-0.11%"
"10/09/2024","493.15","489.00","493.73","487.95","24.99M","0.79%"
"10/08/2024","489.30","484.66","489.99","483.85","28.27M","1.49%"
"10/07/2024","482.10","485.39","486.57","480.87","24.98M","-1.07%"
"10/04/2024","487.32","487.45","487.88","482.39","30.74M","1.19%"
"10/03/2024","481.59","479.74","484.55","478.99","25.34M","-0.07%"
"10/02/2024","481.95","480.36","483.88","477.72","23.74M","0.14%"
"10/01/2024","481.27","487.70","488.00","477.40","42.74M","-1.39%"
"09/30/2024","488.07","485.78","488.41","482.92","30.33M","0.27%"
"09/27/2024","486.75","490.50","490.64","485.56","22.85M","-0.56%"
"09/26/2024","489.47","493.37","493.70","485.80","32.02M","0.75%"
"09/25/2024","485.82","484.74","487.79","484.56","26.55M","0.09%"
"09/24/2024","485.37","484.46","486.33","480.17","25.95M","0.48%"
"09/23/2024","483.04","482.95","484.14","481.60","24.84M","0.12%"
"09/20/2024","482.44","482.49","483.69","478.30","34.58M","-0.19%"
"09/19/2024","483.36","482.61","486.23","480.49","52.78M","2.53%"
"09/18/2024","471.44","474.70","478.83","470.83","39.91M","-0.43%"
"09/17/2024","473.49","476.29","477.60","470.97","30.08M","0.05%"
"09/16/2024","473.24","473.19","473.86","469.89","22.59M","-0.44%"
"09/13/2024","475.34","472.48","476.53","472.25","29.11M","0.45%"
"09/12/2024","473.22","468.65","474.04","466.85","40.18M","0.98%"
"09/11/2024","468.62","459.91","469.37","451.28","57.84M","2.17%"
"09/10/2024","458.66","456.24","459.17","452.23","29.68M","0.92%"
"09/09/2024","454.46","453.06","455.46","449.82","32.98M","1.29%"
"09/06/2024","448.69","460.33","461.22","448.19","50.62M","-2.68%"
"09/05/2024","461.04","458.97","465.36","457.94","34.45M","0.09%"
"09/04/2024","460.61","458.67","464.45","457.73","32.51M","-0.26%"
"09/03/2024","461.81","473.20","473.33","459.41","44.99M","-3.04%"
"08/30/2024","476.27","475.04","476.90","470.51","33.47M","1.19%"
"08/29/2024","470.66","473.28","477.93","469.37","41.08M","-0.15%"
"08/28/2024","471.35","476.29","477.02","467.89","37.37M","-1.13%"
"08/27/2024","476.76","473.69","477.84","471.71","27.51M","0.30%"
"08/26/2024","475.34","479.45","480.38","473.24","27.45M","-0.97%"
"08/23/2024","480.00","479.24","482.74","475.28","36.06M","1.08%"
"08/22/2024","474.85","484.84","485.54","473.81","37.74M","-1.59%"
"08/21/2024","482.50","481.05","484.37","479.32","25.66M","0.47%"
"08/20/2024","480.26","480.35","482.94","478.55","29.21M","-0.21%"
"08/19/2024","481.27","475.17","481.31","473.37","23.74M","1.31%"
"08/16/2024","475.03","472.62","476.41","471.65","38.38M","0.13%"
"08/15/2024","474.42","468.76","474.82","468.38","38.28M","2.53%"
"08/14/2024","462.73","463.51","465.11","458.40","34.73M","0.03%"
"08/13/2024","462.58","455.82","462.85","455.68","40.08M","2.48%"
"08/12/2024","451.38","451.39","454.37","448.55","27.80M","0.22%"
"08/09/2024","450.41","446.74","452.06","445.61","33.57M","0.52%"
"08/08/2024","448.07","441.06","448.99","437.15","47.89M","3.06%"
"08/07/2024","434.77","446.49","449.00","434.37","54.93M","-1.08%"
"08/06/2024","439.53","437.23","447.07","434.56","63.16M","0.96%"
"08/05/2024","435.37","424.71","442.29","423.45","87.48M","-2.98%"
"08/02/2024","448.75","450.89","453.57","444.47","66.32M","-2.37%"
"08/01/2024","459.66","471.76","475.55","455.98","56.65M","-2.42%"
"07/31/2024","471.07","467.87","472.79","466.41","44.55M","2.96%"
"07/30/2024","457.53","465.85","466.56","454.15","41.32M","-1.37%"
"07/29/2024","463.90","465.71","467.91","461.61","28.22M","0.20%"
"07/26/2024","462.97","462.65","465.93","459.77","39.99M","1.03%"
"07/25/2024","458.27","463.72","467.94","455.63","59.26M","-1.10%"
"07/24/2024","463.38","473.82","474.19","462.51","58.82M","-3.59%"
"07/23/2024","480.62","481.41","484.43","480.14","23.28M","-0.35%"
"07/22/2024","482.32","481.16","483.35","477.71","40.30M","1.49%"
"07/19/2024","475.24","479.15","481.69","473.94","42.04M","-0.89%"
"07/18/2024","479.49","485.53","485.71","476.27","49.35M","-0.47%"
"07/17/2024","481.77","488.28","488.80","481.70","56.27M","-2.94%"
"07/16/2024","496.34","497.62","498.44","493.15","25.95M","0.04%"
"07/15/2024","496.15","496.61","501.01","494.09","31.15M","0.27%"
"07/12/2024","494.82","492.51","499.62","492.04","37.11M","0.59%"
"07/11/2024","491.93","503.07","503.28","490.73","49.97M","-2.19%"
"07/10/2024","502.96","499.71","503.52","498.39","28.05M","1.04%"
"07/09/2024","497.77","498.87","500.00","496.24","25.70M","0.09%"
"07/08/2024","497.34","496.53","497.89","495.50","22.11M","0.24%"
"07/05/2024","496.16","491.89","496.60","491.59","28.50M","1.04%"
"07/03/2024","491.04","486.22","491.17","486.22","18.06M","0.83%"
"07/02/2024","486.98","480.41","487.04","480.28","26.72M","1.05%"
"07/01/2024","481.92","480.04","482.49","476.26","24.90M","0.59%"
"06/28/2024","479.11","482.41","487.20","478.46","34.88M","-0.52%"
"06/27/2024","481.61","480.12","483.10","479.30","26.22M","0.26%"
"06/26/2024","480.37","478.55","480.92","478.13","22.74M","0.21%"
"06/25/2024","479.38","476.07","479.68","475.12","29.25M","1.14%"
"06/24/2024","473.96","478.18","479.93","473.82","37.75M","-1.30%"
"06/21/2024","480.18","481.19","482.54","478.67","39.43M","-0.27%"
"06/20/2024","481.47","486.42","486.84","479.62","33.92M","-0.77%"
"06/18/2024","485.21","485.01","485.90","483.43","24.44M","0.03%"
"06/17/2024","485.06","479.46","486.86","478.14","37.05M","1.22%"
"06/14/2024","479.19","476.52","479.26","476.05","23.37M","0.52%"
"06/13/2024","476.72","477.72","478.39","474.42","25.86M","0.54%"
"06/12/2024","474.15","471.99","476.50","471.29","34.53M","1.31%"
"06/11/2024","468.02","463.54","468.14","462.03","22.05M","0.69%"
"06/10/2024","464.83","461.82","465.19","461.53","20.72M","0.40%"
"06/07/2024","462.96","463.00","465.74","461.84","25.83M","-0.09%"
"06/06/2024","463.37","464.22","464.54","462.19","21.97M","-0.03%"
"06/05/2024","463.53","457.98","463.61","454.41","33.82M","2.02%"
"06/04/2024","454.37","452.87","455.58","451.13","23.77M","0.27%"
"06/03/2024","453.13","454.57","455.58","447.90","33.00M","0.54%"
"05/31/2024","450.71","451.78","452.48","443.05","55.94M","-0.19%"
"05/30/2024","451.55","455.50","455.64","450.21","30.71M","-1.07%"
"05/29/2024","456.44","455.48","458.24","455.34","29.74M","-0.70%"
"05/28/2024","459.68","459.18","459.74","456.69","26.22M","0.38%"
"05/24/2024","457.95","455.29","459.23","453.57","29.67M","0.95%"
"05/23/2024","453.66","460.55","460.58","451.85","40.90M","-0.45%"
"05/22/2024","455.71","456.06","456.82","453.08","25.12M","-0.02%"
"05/21/2024","455.80","453.04","455.99","452.84","23.17M","0.20%"
"05/20/2024","454.91","451.98","455.58","451.79","24.47M","0.70%"
"05/17/2024","451.76","452.11","452.72","449.54","35.80M","-0.05%"
"05/16/2024","451.98","452.71","454.69","451.81","34.78M","-0.20%"
"05/15/2024","452.90","448.43","453.15","446.90","41.46M","1.56%"
"05/14/2024","445.93","442.65","446.46","442.46","34.48M","0.64%"
"05/13/2024","443.08","443.99","444.09","441.65","22.99M","0.23%"
"05/10/2024","442.06","442.54","444.31","440.50","27.12M","0.24%"
"05/09/2024","441.02","440.33","441.60","438.46","24.58M","0.22%"
"05/08/2024","440.06","437.67","441.48","437.55","24.90M","-0.06%"
"05/07/2024","440.32","440.70","441.97","439.58","31.00M","0.02%"
"05/06/2024","440.25","437.30","440.34","436.52","30.23M","1.10%"
"05/03/2024","435.48","434.44","436.48","432.62","48.52M","2.01%"
"05/02/2024","426.90","425.30","427.81","420.63","36.56M","1.28%"
"05/01/2024","421.52","423.15","430.14","420.66","52.25M","-0.72%"
"04/30/2024","424.59","431.15","432.56","424.51","43.67M","-1.89%"
"04/29/2024","432.75","433.13","433.76","429.98","30.02M","0.41%"
"04/26/2024","431.00","427.62","432.55","426.92","41.87M","1.54%"
"04/25/2024","424.45","419.24","425.32","418.14","57.39M","-0.48%"
"04/24/2024","426.51","428.20","429.73","424.20","48.44M","0.34%"
"04/23/2024","425.07","420.77","426.28","418.87","44.38M","1.49%"
"04/22/2024","418.82","417.31","421.18","413.94","47.81M","1.01%"
"04/19/2024","414.65","422.22","422.75","413.07","75.23M","-2.07%"
"04/18/2024","423.41","426.49","428.24","422.83","46.55M","-0.57%"
"04/17/2024","425.84","433.10","433.12","424.90","56.88M","-1.22%"
"04/16/2024","431.10","430.90","433.76","429.70","47.62M","0.01%"
"04/15/2024","431.06","442.06","442.15","430.21","63.45M","-1.65%"
"04/12/2024","438.27","441.10","442.24","436.88","53.66M","-1.59%"
"04/11/2024","445.37","440.26","446.33","437.96","45.47M","1.60%"
"04/10/2024","438.37","437.00","439.24","436.28","61.50M","-0.87%"
"04/09/2024","442.23","442.96","443.24","437.44","39.52M","0.37%"
"04/08/2024","440.60","441.41","442.50","439.20","28.14M","0.03%"
"04/05/2024","440.47","436.78","443.17","435.96","54.74M","1.18%"
"04/04/2024","435.34","446.33","446.95","435.11","57.27M","-1.53%"
"04/03/2024","442.10","438.96","444.00","438.95","39.95M","0.22%"
"04/02/2024","441.11","440.08","441.43","438.03","44.26M","-0.86%"
"04/01/2024","444.95","444.97","447.53","443.02","38.73M","0.21%"
"03/28/2024","444.01","444.78","445.64","443.65","36.84M","-0.18%"
"03/27/2024","444.83","446.44","446.54","441.93","41.36M","0.34%"
"03/26/2024","443.32","446.30","447.23","443.09","34.14M","-0.32%"
"03/25/2024","444.76","443.55","446.26","442.54","27.79M","-0.36%"
"03/22/2024","446.38","445.35","447.49","444.49","28.25M","0.11%"
"03/21/2024","445.87","448.88","449.34","445.67","39.35M","0.47%"
"03/20/2024","443.77","439.78","444.11","438.06","43.65M","1.19%"
"03/19/2024","438.57","435.45","438.98","433.33","43.00M","0.25%"
"03/18/2024","437.48","438.73","441.04","437.24","47.32M","0.82%"
"03/15/2024","433.92","436.07","438.87","432.74","73.07M","-1.19%"
"03/14/2024","439.14","441.50","442.03","436.39","52.20M","-0.25%"
"03/13/2024","440.25","442.65","442.67","439.12","37.93M","-0.77%"
"03/12/2024","443.66","439.73","444.02","436.46","55.30M","1.43%"
"03/11/2024","437.39","437.51","438.66","435.44","45.86M","-0.37%"
"03/08/2024","439.02","445.81","448.64","438.34","72.10M","-1.44%"
"03/07/2024","445.45","442.42","446.72","440.86","44.53M","1.52%"
"03/06/2024","438.79","440.32","441.99","436.89","46.23M","0.63%"
"03/05/2024","436.05","440.94","440.95","433.65","57.92M","-1.79%"
"03/04/2024","444.02","445.61","446.04","443.77","34.33M","-0.36%"
"03/01/2024","445.61","439.90","446.58","439.84","43.85M","1.51%"
"02/29/2024","439.00","438.23","440.09","435.02","42.50M","0.86%"
"02/28/2024","435.27","435.43","436.67","434.30","32.94M","-0.53%"
"02/27/2024","437.60","437.67","437.99","435.02","33.71M","0.24%"
"02/26/2024","436.55","437.60","438.60","436.36","33.04M","-0.05%"
"02/23/2024","436.78","439.65","440.59","435.79","39.85M","-0.29%"
"02/22/2024","438.07","434.49","439.12","433.71","53.89M","2.93%"
"02/21/2024","425.61","424.55","425.70","421.63","50.18M","-0.40%"
"02/20/2024","427.32","428.55","430.08","423.50","54.00M","-0.75%"
"02/16/2024","430.57","434.89","434.99","429.85","53.72M","-0.91%"
"02/15/2024","434.51","433.92","434.98","431.33","38.80M","0.30%"
"02/14/2024","433.22","431.26","433.65","428.88","45.09M","1.09%"
"02/13/2024","428.55","427.28","431.27","425.33","64.49M","-1.56%"
"02/12/2024","435.34","436.94","439.14","434.65","33.20M","-0.39%"
"02/09/2024","437.05","433.94","437.85","433.14","36.94M","0.98%"
"02/08/2024","432.79","432.11","433.56","431.42","29.89M","0.19%"
"02/07/2024","431.99","430.41","432.83","429.09","37.71M","1.03%"
"02/06/2024","427.59","429.61","430.22","425.22","35.85M","-0.20%"
"02/05/2024","428.45","429.07","429.61","425.00","39.89M","-0.13%"
"02/02/2024","429.01","423.80","430.24","422.79","59.60M","1.69%"
"02/01/2024","421.88","418.79","422.38","417.81","51.01M","1.18%"
"01/31/2024","416.97","420.85","422.87","416.79","64.01M","-1.96%"
"01/30/2024","425.30","427.10","427.68","424.38","36.74M","-0.67%"
"01/29/2024","428.15","424.27","428.35","423.61","38.69M","1.02%"
"01/26/2024","423.81","424.44","426.21","423.15","37.14M","-0.60%"
"01/25/2024","426.35","428.36","429.04","423.98","44.37M","0.12%"
"01/24/2024","425.83","427.44","429.85","425.33","46.95M","0.55%"
"01/23/2024","423.48","422.43","423.70","420.57","33.00M","0.41%"
"01/22/2024","421.73","423.41","424.73","421.12","44.88M","0.13%"
"01/19/2024","421.18","415.22","421.34","414.63","70.33M","1.98%"
"01/18/2024","412.99","410.52","413.58","409.16","59.56M","1.42%"
"01/17/2024","407.21","406.17","407.58","402.92","54.39M","-0.56%"
"01/16/2024","409.52","408.31","411.12","406.83","43.90M","-0.01%"
"01/12/2024","409.56","410.40","411.25","408.15","39.59M","0.05%"
"01/11/2024","409.35","409.79","411.20","404.24","54.54M","0.21%"
"01/10/2024","408.50","406.07","409.52","405.17","33.96M","0.68%"
"01/09/2024","405.75","401.91","406.69","401.71","39.13M","0.20%"
"01/08/2024","404.95","397.99","405.24","397.84","42.47M","2.07%"
"01/05/2024","396.75","396.45","399.56","395.34","44.92M","0.12%"
"01/04/2024","396.28","396.44","399.59","396.06","39.43M","-0.51%"
"01/03/2024","398.33","399.93","401.00","397.89","47.00M","-1.06%"
"01/02/2024","402.59","405.84","406.09","400.24","58.03M","-1.69%"
"12/29/2023","409.52","411.28","411.64","407.58","42.66M","-0.43%"
"12/28/2023","411.30","412.67","412.92","410.94","27.03M","-0.05%"
"12/27/2023","411.50","410.95","411.79","410.08","31.98M","0.20%"
"12/26/2023","410.66","409.04","411.34","408.94","22.72M","0.61%"
"12/22/2023","408.17","408.79","409.75","406.27","34.31M","0.15%"
"12/21/2023","407.56","406.85","407.93","404.26","45.57M","1.16%"
"12/20/2023","402.87","408.14","410.25","402.69","54.04M","-1.49%"
"12/19/2023","408.95","407.33","409.07","407.13","35.71M","0.51%"
"12/18/2023","406.87","404.72","407.78","404.39","46.61M","0.43%"
"12/15/2023","405.13","403.97","406.33","403.36","62.90M","0.48%"
"12/14/2023","403.18","404.77","406.09","400.13","55.45M","-0.09%"
"12/13/2023","403.53","399.41","404.15","398.63","55.41M","1.27%"
"12/12/2023","398.46","395.35","398.58","394.20","39.22M","0.80%"
"12/11/2023","395.31","391.53","395.58","391.32","41.20M","0.85%"
"12/08/2023","391.96","388.47","392.41","388.28","46.69M","0.45%"
"12/07/2023","390.23","387.87","391.06","386.76","49.59M","1.40%"
"12/06/2023","384.85","390.07","390.17","384.50","41.99M","-0.58%"
"12/05/2023","387.09","384.19","388.30","384.01","42.93M","0.25%"
"12/04/2023","386.12","385.89","386.39","382.46","51.19M","-0.93%"
"12/01/2023","389.74","387.55","390.33","385.87","40.49M","0.29%"
"11/30/2023","388.63","389.88","390.35","385.62","52.83M","-0.25%"
"11/29/2023","389.61","392.48","393.93","389.26","38.81M","-0.10%"
"11/28/2023","389.99","388.21","390.57","387.85","35.49M","0.26%"
"11/27/2023","388.97","388.81","390.94","388.08","34.14M","-0.09%"
"11/24/2023","389.31","389.45","390.05","388.30","15.72M","-0.14%"
"11/22/2023","389.86","390.36","392.86","388.84","44.18M","0.41%"
"11/21/2023","388.27","388.81","389.03","386.50","43.34M","-0.58%"
"11/20/2023","390.53","385.85","391.20","385.85","44.54M","1.22%"
"11/17/2023","385.84","385.01","386.87","384.09","46.62M","0.02%"
"11/16/2023","385.75","384.64","385.99","383.36","45.34M","0.09%"
"11/15/2023","385.42","387.05","387.55","384.03","54.14M","0.08%"
"11/14/2023","385.13","383.51","386.06","382.98","67.79M","2.15%"
"11/13/2023","377.01","376.59","378.08","375.04","40.73M","-0.31%"
"11/10/2023","378.19","371.62","378.34","371.09","58.37M","2.25%"
"11/09/2023","369.88","373.44","374.60","369.38","53.86M","-0.77%"
"11/08/2023","372.74","372.88","373.59","370.43","35.66M","0.06%"
"11/07/2023","372.50","370.08","373.38","368.85","50.78M","0.95%"
"11/06/2023","369.02","368.30","369.59","366.72","38.85M","0.41%"
"11/03/2023","367.52","364.56","368.83","364.33","53.28M","1.17%"
"11/02/2023","363.25","361.35","363.49","360.11","58.16M","1.82%"
"11/01/2023","356.77","351.54","357.34","351.44","58.99M","1.74%"
"10/31/2023","350.69","349.05","351.07","346.44","47.67M","0.48%"
"10/30/2023","349.02","347.65","350.36","346.27","55.30M","1.13%"
"10/27/2023","345.13","346.25","348.66","343.90","63.48M","0.48%"
"10/26/2023","343.48","348.94","349.89","342.17","78.62M","-1.91%"
"10/25/2023","350.16","356.51","356.69","349.57","71.19M","-2.45%"
"10/24/2023","358.94","357.32","359.72","355.60","47.08M","0.97%"
"10/23/2023","355.48","353.07","359.07","350.94","60.67M","0.30%"
"10/20/2023","354.41","359.27","359.85","354.18","72.56M","-1.49%"
"10/19/2023","359.78","364.62","365.83","358.97","72.27M","-0.94%"
"10/18/2023","363.18","365.48","367.72","361.83","54.28M","-1.31%"
"10/17/2023","368.01","365.62","369.73","363.47","51.00M","-0.33%"
"10/16/2023","369.22","366.43","370.29","366.28","44.20M","1.13%"
"10/13/2023","365.09","370.38","370.97","363.67","52.52M","-1.26%"
"10/12/2023","369.74","371.53","373.54","367.31","49.59M","-0.35%"
"10/11/2023","371.03","369.75","371.22","368.00","38.22M","0.71%"
"10/10/2023","368.40","366.71","371.09","366.20","46.97M","0.55%"
"10/09/2023","366.37","362.11","366.92","360.59","45.30M","0.51%"
"10/06/2023","364.51","355.46","365.72","354.66","75.05M","1.68%"
"10/05/2023","358.50","359.55","359.96","354.95","45.90M","-0.29%"
"10/04/2023","359.56","355.58","360.42","355.11","54.79M","1.36%"
"10/03/2023","354.73","358.59","360.82","353.09","60.48M","-1.75%"
"10/02/2023","361.07","358.35","362.49","357.73","51.63M","0.83%"
"09/29/2023","358.08","361.35","362.76","356.83","64.83M","0.07%"
"09/28/2023","357.82","353.92","359.98","353.05","56.45M","0.84%"
"09/27/2023","354.85","355.19","356.79","351.18","56.07M","0.23%"
"09/26/2023","354.02","356.80","357.35","353.02","53.66M","-1.50%"
"09/25/2023","359.42","356.74","359.51","355.74","39.17M","0.47%"
"09/22/2023","357.72","359.44","361.61","357.40","51.59M","0.01%"
"09/21/2023","357.67","360.61","361.41","357.50","69.73M","-1.83%"
"09/20/2023","364.35","370.76","371.12","364.27","45.51M","-1.44%"
"09/19/2023","369.68","369.13","370.49","366.61","37.62M","-0.21%"
"09/18/2023","370.47","369.13","371.59","368.84","36.90M","-0.04%"
"09/15/2023","370.62","375.71","376.12","369.67","69.81M","-1.71%"
"09/14/2023","377.07","375.79","378.07","373.69","48.04M","0.82%"
"09/13/2023","374.01","372.83","375.64","371.68","46.30M","0.38%"
"09/12/2023","372.59","375.07","376.75","372.30","41.39M","-1.11%"
"09/11/2023","376.77","375.46","377.29","373.46","39.94M","1.18%"
"09/08/2023","372.38","371.81","374.65","371.40","35.85M","0.14%"
"09/07/2023","371.86","370.02","372.65","368.96","52.06M","-0.72%"
"09/06/2023","374.54","377.08","377.43","372.50","43.00M","-0.88%"
"09/05/2023","377.87","376.57","379.11","375.63","32.34M","0.13%"
"09/01/2023","377.39","380.20","380.63","375.88","39.80M","-0.11%"
"08/31/2023","377.79","376.74","379.52","376.67","35.73M","0.30%"
"08/30/2023","376.66","374.68","377.25","373.66","41.73M","0.56%"
"08/29/2023","374.57","366.37","374.93","366.04","58.49M","2.18%"
"08/28/2023","366.57","366.80","367.52","364.06","40.91M","0.75%"
"08/25/2023","363.83","361.88","365.55","358.39","69.96M","0.78%"
"08/24/2023","361.03","372.44","372.54","360.82","66.84M","-2.14%"
"08/23/2023","368.92","364.39","370.03","364.17","51.77M","1.58%"
"08/22/2023","363.19","366.36","366.37","362.49","44.61M","-0.14%"
"08/21/2023","363.71","359.43","364.40","358.96","50.70M","1.61%"
"08/18/2023","357.94","355.07","359.22","354.52","61.19M","-0.13%"
"08/17/2023","358.39","363.77","364.12","357.97","62.60M","-1.09%"
"08/16/2023","362.35","365.68","367.24","362.25","53.19M","-1.06%"
"08/15/2023","366.23","369.17","369.97","365.55","45.54M","-1.06%"
"08/14/2023","370.16","365.24","370.28","364.51","42.13M","1.12%"
"08/11/2023","366.05","365.80","367.81","364.50","48.71M","-0.64%"
"08/10/2023","368.40","370.78","374.16","366.84","72.04M","0.18%"
"08/09/2023","367.72","372.09","372.25","366.95","51.15M","-1.10%"
"08/08/2023","371.80","372.44","372.46","368.63","44.73M","-0.85%"
"08/07/2023","374.99","373.68","375.09","371.32","37.23M","0.85%"
"08/04/2023","371.84","375.55","377.90","371.33","61.70M","-0.47%"
"08/03/2023","373.59","371.74","375.75","371.57","47.86M","-0.16%"
"08/02/2023","374.19","379.06","379.06","372.93","72.69M","-2.19%"
"08/01/2023","382.59","382.11","383.36","380.49","41.31M","-0.23%"
"07/31/2023","383.48","383.59","384.68","382.14","44.02M","0.05%"
"07/28/2023","383.28","380.54","384.32","380.02","56.90M","1.82%"
"07/27/2023","376.42","382.87","384.51","375.11","63.94M","-0.24%"
"07/26/2023","377.32","377.52","379.04","374.98","47.08M","-0.33%"
"07/25/2023","378.58","376.75","380.27","376.73","38.89M","0.68%"
"07/24/2023","376.03","376.42","377.38","374.14","40.38M","0.16%"
"07/21/2023","375.43","378.98","379.72","374.99","60.50M","-0.30%"
"07/20/2023","376.56","382.41","383.89","375.52","71.94M","-2.31%"
"07/19/2023","385.45","386.62","387.78","384.10","54.09M","-0.02%"
"07/18/2023","385.54","381.76","386.93","379.80","55.34M","0.82%"
"07/17/2023","382.41","379.60","383.30","379.11","40.87M","0.93%"
"07/14/2023","378.87","379.39","382.66","377.98","55.15M","-0.02%"
"07/13/2023","378.95","375.85","379.79","375.26","46.96M","1.70%"
"07/12/2023","372.62","372.14","373.99","370.11","61.70M","1.26%"
"07/11/2023","367.98","366.60","368.44","364.43","38.21M","0.49%"
"07/10/2023","366.17","365.77","366.86","363.22","48.50M","0.03%"
"07/07/2023","366.05","367.04","370.29","365.82","47.13M","-0.33%"
"07/06/2023","367.27","366.32","367.72","364.33","49.37M","-0.76%"
"07/05/2023","370.09","368.50","371.81","368.47","34.46M","0.00%"
"07/03/2023","370.10","369.88","370.74","368.78","19.43M","0.24%"
"06/30/2023","369.23","367.36","370.30","367.04","58.71M","1.54%"
"06/29/2023","363.62","364.05","364.70","361.95","46.15M","-0.20%"
"06/28/2023","364.35","361.79","366.33","361.71","46.50M","0.20%"
"06/27/2023","363.64","359.06","364.38","358.32","49.43M","1.72%"
"06/26/2023","357.49","361.81","364.65","357.40","52.69M","-1.34%"
"06/23/2023","362.35","362.02","364.69","360.63","48.92M","-0.99%"
"06/22/2023","365.98","360.44","366.14","360.03","47.60M","1.18%"
"06/21/2023","361.71","365.55","365.99","360.77","53.38M","-1.36%"
"06/20/2023","366.71","365.76","368.13","363.70","49.20M","-0.28%"
"06/16/2023","367.74","372.52","372.65","367.29","80.93M","-0.63%"
"06/15/2023","370.07","364.42","371.57","363.79","71.14M","1.19%"
"06/14/2023","365.71","363.08","366.00","360.23","69.53M","0.73%"
"06/13/2023","363.07","363.10","363.92","359.84","57.10M","0.77%"
"06/12/2023","360.30","356.00","360.40","355.01","44.82M","1.69%"
"06/09/2023","354.31","354.44","357.47","352.84","53.20M","0.38%"
"06/08/2023","352.96","348.94","353.43","348.71","47.15M","1.24%"
"06/07/2023","348.64","354.94","356.93","348.00","69.23M","-1.70%"
"06/06/2023","354.65","354.09","355.63","352.74","41.39M","-0.02%"
"06/05/2023","354.71","354.24","357.31","353.66","47.27M","0.07%"
"06/02/2023","354.46","353.61","355.64","351.83","53.37M","0.75%"
"06/01/2023","351.83","347.55","353.17","346.48","50.49M","1.16%"
"05/31/2023","347.81","348.19","350.42","346.33","65.11M","-0.57%"
"05/30/2023","349.80","352.52","353.74","348.35","72.65M","0.45%"
"05/26/2023","348.22","340.58","349.06","340.48","63.01M","2.56%"
"05/25/2023","339.54","338.96","340.83","336.49","66.86M","2.43%"
"05/24/2023","331.48","331.20","332.73","329.39","62.89M","-0.51%"
"05/23/2023","333.18","335.71","336.88","332.83","48.22M","-1.27%"
"05/22/2023","337.46","336.07","338.49","336.06","43.02M","0.34%"
"05/19/2023","336.33","337.31","338.03","335.25","61.55M","-0.23%"
"05/18/2023","337.09","331.35","337.31","331.33","64.21M","1.86%"
"05/17/2023","330.95","328.07","331.54","326.87","47.49M","1.21%"
"05/16/2023","326.99","325.89","328.73","325.85","40.02M","0.11%"
"05/15/2023","326.62","325.34","326.86","323.79","33.38M","0.54%"
"05/12/2023","324.86","326.57","327.00","322.77","48.43M","-0.36%"
"05/11/2023","326.03","325.53","326.58","323.95","44.28M","0.33%"
"05/10/2023","324.97","323.95","325.84","321.43","60.45M","1.09%"
"05/09/2023","321.47","321.83","322.71","321.15","31.77M","-0.63%"
"05/08/2023","323.52","322.25","323.87","321.15","36.47M","0.25%"
"05/05/2023","322.72","318.30","323.59","316.05","51.81M","2.13%"
"05/04/2023","316.00","316.89","318.06","314.95","50.22M","-0.35%"
"05/03/2023","317.12","319.58","322.30","317.01","59.88M","-0.65%"
"05/02/2023","319.21","321.95","322.28","317.44","56.52M","-0.87%"
"05/01/2023","322.02","321.92","323.46","320.92","41.01M","-0.11%"
"04/28/2023","322.39","319.94","322.48","318.79","59.71M","0.69%"
"04/27/2023","320.18","315.53","320.69","314.88","65.43M","2.72%"
"04/26/2023","311.71","313.28","314.77","311.18","55.40M","0.61%"
"04/25/2023","309.83","314.13","314.80","309.73","57.12M","-1.89%"
"04/24/2023","315.78","316.21","317.57","313.58","44.04M","-0.21%"
"04/21/2023","316.44","315.74","317.23","313.94","59.00M","0.10%"
"04/20/2023","316.11","315.52","319.10","314.80","62.46M","-0.76%"
"04/19/2023","318.54","316.24","319.62","316.11","38.96M","-0.05%"
"04/18/2023","318.69","320.82","321.25","317.47","46.75M","0.01%"
"04/17/2023","318.67","317.98","319.03","315.87","43.01M","0.08%"
"04/14/2023","318.40","317.42","320.19","315.44","56.28M","-0.19%"
"04/13/2023","319.00","314.66","319.48","313.47","54.61M","1.96%"
"04/12/2023","312.88","317.65","318.25","312.40","62.81M","-0.88%"
"04/11/2023","315.66","317.66","317.72","315.14","40.11M","-0.64%"
"04/10/2023","317.70","314.90","317.75","313.09","45.13M","-0.06%"
"04/06/2023","317.88","314.08","318.38","312.66","46.92M","0.67%"
"04/05/2023","315.75","317.93","318.89","313.91","62.80M","-0.99%"
"04/04/2023","318.90","320.43","321.46","317.66","45.88M","-0.34%"
"04/03/2023","319.98","318.60","320.25","317.25","47.13M","-0.24%"
"03/31/2023","320.76","315.74","321.00","315.43","62.14M","1.66%"
"03/30/2023","315.51","315.07","316.15","312.64","58.35M","0.95%"
"03/29/2023","312.56","310.72","313.19","309.89","53.27M","1.82%"
"03/28/2023","306.96","308.01","308.04","304.61","48.59M","-0.53%"
"03/27/2023","308.60","311.44","312.54","307.73","50.29M","-0.69%"
"03/24/2023","310.73","309.16","310.83","306.79","57.25M","0.37%"
"03/23/2023","309.59","309.76","313.99","306.85","74.58M","1.19%"
"03/22/2023","305.96","310.11","315.08","305.79","75.79M","-1.36%"
"03/21/2023","310.18","307.78","310.64","306.23","49.76M","1.43%"
"03/20/2023","305.81","304.10","306.14","301.85","56.36M","0.20%"
"03/17/2023","305.20","306.56","308.99","303.21","89.92M","-0.47%"
"03/16/2023","306.65","297.84","307.02","297.03","98.56M","2.64%"
"03/15/2023","298.77","294.56","299.11","293.09","83.63M","0.52%"
"03/14/2023","297.21","294.16","297.77","293.30","73.60M","2.30%"
"03/13/2023","290.54","286.58","294.32","285.04","97.12M","0.74%"
"03/10/2023","288.40","292.68","294.20","287.23","98.59M","-1.40%"
"03/09/2023","292.51","298.17","300.82","291.68","71.46M","-1.73%"
"03/08/2023","297.66","296.61","298.27","294.73","50.88M","0.50%"
"03/07/2023","296.18","299.91","300.85","295.56","65.96M","-1.23%"
"03/06/2023","299.86","300.78","303.84","299.66","56.74M","0.11%"
"03/03/2023","299.52","295.23","299.76","294.72","60.51M","2.07%"
"03/02/2023","293.46","288.51","294.28","288.22","53.74M","0.83%"
"03/01/2023","291.05","293.11","293.78","290.05","58.29M","-0.80%"
"02/28/2023","293.41","293.15","295.97","292.81","48.24M","-0.13%"
"02/27/2023","293.79","294.92","296.33","293.19","49.00M","0.72%"
"02/24/2023","291.70","291.61","292.82","289.90","74.33M","-1.67%"
"02/23/2023","296.66","297.81","297.97","292.40","69.29M","0.87%"
"02/22/2023","294.10","294.47","296.20","292.41","51.39M","0.07%"
"02/21/2023","293.88","297.10","298.57","293.74","46.53M","-2.37%"
"02/17/2023","301.00","300.91","301.77","297.94","58.23M","-0.71%"
"02/16/2023","303.14","304.22","308.27","302.99","59.50M","-1.88%"
"02/15/2023","308.94","304.74","309.11","304.04","43.43M","0.77%"
"02/14/2023","306.59","302.73","307.56","300.75","64.08M","0.74%"
"02/13/2023","304.34","300.97","304.94","299.77","39.64M","1.60%"
"02/10/2023","299.54","299.32","301.41","297.09","50.05M","-0.66%"
"02/09/2023","301.52","308.68","308.83","300.04","49.14M","-0.88%"
"02/08/2023","304.21","308.38","309.34","303.51","56.72M","-1.78%"
"02/07/2023","309.72","303.30","310.87","302.16","67.58M","2.07%"
"02/06/2023","303.43","303.35","305.75","302.06","40.80M","-0.85%"
"02/03/2023","306.02","304.78","312.23","304.38","76.17M","-1.78%"
"02/02/2023","311.56","307.41","313.52","306.57","83.07M","3.59%"
"02/01/2023","300.76","294.26","303.27","292.15","67.56M","2.14%"
"01/31/2023","294.47","290.16","294.57","290.05","46.71M","1.50%"
"01/30/2023","290.12","292.78","294.23","289.74","49.41M","-2.02%"
"01/27/2023","296.10","291.85","298.10","291.73","56.44M","1.00%"
"01/26/2023","293.19","291.07","293.37","288.37","51.60M","1.95%"
"01/25/2023","287.58","283.62","288.21","281.03","50.87M","-0.22%"
"01/24/2023","288.22","287.16","289.40","286.63","44.88M","-0.20%"
"01/23/2023","288.81","283.39","290.06","282.58","52.80M","2.22%"
"01/20/2023","282.53","276.64","282.87","275.57","60.61M","2.74%"
"01/19/2023","275.01","276.08","277.23","273.75","44.15M","-0.98%"
"01/18/2023","277.73","282.96","284.54","277.52","47.75M","-1.30%"
"01/17/2023","281.39","280.62","282.70","279.43","36.27M","0.20%"
"01/13/2023","280.82","276.35","281.07","276.02","44.80M","0.69%"
"01/12/2023","278.90","277.97","279.95","273.60","60.60M","0.54%"
"01/11/2023","277.40","273.78","277.51","272.98","44.08M","1.73%"
"01/10/2023","272.69","269.35","272.80","268.83","35.25M","0.85%"
"01/09/2023","270.40","270.69","275.15","269.78","45.57M","0.65%"
"01/06/2023","268.66","263.21","269.80","260.20","54.66M","2.76%"
"01/05/2023","261.44","263.90","264.07","261.12","45.40M","-1.57%"
"01/04/2023","265.60","266.50","267.31","262.39","47.75M","0.48%"
"01/03/2023","264.34","268.51","270.01","261.99","42.34M","-0.68%"
"12/30/2022","266.14","263.48","266.27","262.15","37.86M","-0.06%"
"12/29/2022","266.30","262.82","267.26","262.11","45.89M","2.44%"
"12/28/2022","259.96","263.03","265.33","259.59","47.14M","-1.32%"
"12/27/2022","263.44","266.60","266.71","262.89","38.01M","-1.41%"
"12/23/2022","267.22","265.33","267.90","263.39","39.37M","0.22%"
"12/22/2022","266.62","270.24","270.37","262.32","60.28M","-2.45%"
"12/21/2022","273.31","270.46","274.64","269.60","46.39M","1.45%"
"12/20/2022","269.40","268.42","271.18","266.81","51.06M","-0.08%"
"12/19/2022","269.61","273.73","273.82","268.35","44.17M","-1.64%"
"12/16/2022","274.11","276.05","277.62","272.47","68.30M","-0.95%"
"12/15/2022","276.74","282.18","282.86","275.53","60.55M","-3.36%"
"12/14/2022","286.36","287.90","291.26","283.04","64.98M","-0.74%"
"12/13/2022","288.50","296.49","296.72","285.76","80.67M","1.08%"
"12/12/2022","285.43","282.07","285.49","281.01","35.73M","1.26%"
"12/09/2022","281.89","282.66","285.49","281.44","47.86M","-0.64%"
"12/08/2022","283.70","281.76","284.69","279.64","42.59M","1.18%"
"12/07/2022","280.38","280.32","282.42","278.63","45.61M","-0.41%"
"12/06/2022","281.53","287.33","287.47","280.11","53.94M","-2.07%"
"12/05/2022","287.49","290.23","291.53","286.00","41.48M","-1.68%"
"12/02/2022","292.40","288.39","293.30","288.21","53.58M","-0.40%"
"12/01/2022","293.57","293.54","295.59","290.73","51.55M","0.12%"
"11/30/2022","293.21","280.69","293.32","279.82","74.72M","4.56%"
"11/29/2022","280.42","282.79","283.20","279.02","35.62M","-0.76%"
"11/28/2022","282.56","284.75","286.81","281.61","38.88M","-1.47%"
"11/25/2022","286.77","287.04","287.76","286.27","15.50M","-0.66%"
"11/23/2022","288.67","285.82","289.31","285.64","46.39M","1.00%"
"11/22/2022","285.80","282.49","285.96","280.31","41.87M","1.44%"
"11/21/2022","281.74","283.25","284.43","280.89","40.08M","-1.03%"
"11/18/2022","284.67","287.74","287.84","282.17","53.59M","0.00%"
"11/17/2022","284.66","280.73","286.17","280.57","55.46M","-0.22%"
"11/16/2022","285.29","287.24","289.33","284.45","48.86M","-1.36%"
"11/15/2022","289.24","292.06","293.11","285.82","73.99M","1.38%"
"11/14/2022","285.29","285.71","289.06","284.29","55.08M","-0.88%"
"11/11/2022","287.81","282.41","288.49","281.04","66.96M","1.84%"
"11/10/2022","282.60","275.87","282.90","273.71","99.26M","7.38%"
"11/09/2022","263.18","267.62","268.42","262.89","64.86M","-2.31%"
"11/08/2022","269.40","269.00","272.71","265.38","63.21M","0.73%"
"11/07/2022","267.45","265.61","268.00","263.43","47.33M","1.10%"
"11/04/2022","264.54","265.39","266.47","258.94","78.31M","1.61%"
"11/03/2022","260.35","262.87","264.36","259.96","70.04M","-1.95%"
"11/02/2022","265.54","274.94","278.06","265.47","79.80M","-3.43%"
"11/01/2022","274.97","281.35","281.92","274.60","45.90M","-1.02%"
"10/31/2022","277.80","278.77","279.61","275.85","47.74M","-1.16%"
"10/28/2022","281.07","272.09","281.55","271.92","62.65M","3.06%"
"10/27/2022","272.73","276.64","278.13","272.20","57.76M","-1.82%"
"10/26/2022","277.78","278.31","283.83","277.28","63.90M","-2.21%"
"10/25/2022","284.06","279.26","284.45","277.75","59.01M","2.07%"
"10/24/2022","278.30","275.55","279.25","271.83","63.96M","1.10%"
"10/21/2022","275.28","267.84","275.82","266.68","77.90M","2.34%"
"10/20/2022","268.97","269.44","274.70","267.78","60.61M","-0.51%"
"10/19/2022","270.35","269.79","273.54","267.93","53.12M","-0.36%"
"10/18/2022","271.34","276.38","277.06","268.60","69.78M","0.79%"
"10/17/2022","269.21","266.70","270.10","266.60","64.58M","3.30%"
"10/14/2022","260.60","271.06","271.67","260.00","77.24M","-3.01%"
"10/13/2022","268.68","255.03","270.03","254.13","112.89M","2.35%"
"10/12/2022","262.52","263.26","265.22","261.81","50.58M","-0.03%"
"10/11/2022","262.61","264.56","267.49","260.89","66.52M","-1.37%"
"10/10/2022","266.27","269.16","269.56","263.50","60.39M","-1.00%"
"10/07/2022","268.96","274.88","275.01","267.60","71.35M","-3.81%"
"10/06/2022","279.61","280.81","284.03","279.28","53.49M","-0.79%"
"10/05/2022","281.83","278.13","283.66","275.28","55.77M","-0.05%"
"10/04/2022","281.98","278.84","282.70","278.84","66.70M","3.14%"
"10/03/2022","273.39","268.93","275.02","267.39","61.27M","2.35%"
"09/30/2022","267.12","270.89","275.05","266.96","78.48M","-1.70%"
"09/29/2022","271.73","275.72","276.11","268.70","81.22M","-2.88%"
"09/28/2022","279.79","274.32","281.10","272.80","79.65M","1.99%"
"09/27/2022","274.34","277.66","280.06","271.97","69.78M","0.04%"
"09/26/2022","274.23","274.89","279.34","273.42","71.18M","-0.41%"
"09/23/2022","275.37","277.40","277.70","271.88","74.82M","-1.63%"
"09/22/2022","279.92","281.85","282.88","278.67","62.76M","-1.23%"
"09/21/2022","283.41","289.44","293.80","283.27","82.93M","-1.79%"
"09/20/2022","288.58","288.34","290.92","286.23","51.27M","-0.80%"
"09/19/2022","290.90","285.95","291.06","285.89","52.61M","0.60%"
"09/16/2022","289.17","287.57","289.57","285.47","79.92M","-0.61%"
"09/15/2022","290.95","293.92","296.37","289.31","65.30M","-1.67%"
"09/14/2022","295.87","294.71","296.77","292.91","54.91M","0.79%"
"09/13/2022","293.55","301.64","302.86","292.63","79.56M","-5.48%"
"09/12/2022","310.58","308.34","310.92","308.02","45.91M","1.19%"
"09/09/2022","306.93","302.67","307.44","300.36","56.13M","2.19%"
"09/08/2022","300.36","296.69","301.71","295.29","55.65M","0.52%"
"09/07/2022","298.81","293.39","299.83","293.12","49.26M","2.02%"
"09/06/2022","292.90","295.50","296.44","290.72","57.01M","-0.72%"
"09/02/2022","295.02","302.18","303.59","293.37","64.67M","-1.41%"
"09/01/2022","299.24","296.56","299.62","292.80","57.99M","0.04%"
"08/31/2022","299.11","303.83","304.75","299.00","50.04M","-0.58%"
"08/30/2022","300.86","305.94","306.57","298.28","51.18M","-1.11%"
"08/29/2022","304.25","304.46","307.06","303.12","48.32M","-0.99%"
"08/26/2022","307.28","320.11","321.34","307.19","69.05M","-4.10%"
"08/25/2022","320.41","316.66","320.43","315.59","38.10M","1.77%"
"08/24/2022","314.84","313.45","316.70","312.83","38.06M","0.29%"
"08/23/2022","313.94","313.96","316.83","313.17","39.50M","-0.08%"
"08/22/2022","314.20","318.33","318.57","313.37","51.10M","-2.63%"
"08/19/2022","322.69","326.00","326.67","321.91","51.77M","-1.95%"
"08/18/2022","329.11","328.27","330.32","326.62","41.94M","0.24%"
"08/17/2022","328.32","328.90","331.26","326.19","47.84M","-1.14%"
"08/16/2022","332.11","331.88","334.25","328.99","41.19M","-0.23%"
"08/15/2022","332.89","329.25","333.39","329.23","38.27M","0.81%"
"08/12/2022","330.22","326.00","330.41","324.93","40.93M","1.95%"
"08/11/2022","323.91","328.13","330.19","323.19","45.90M","-0.57%"
"08/10/2022","325.76","324.42","326.06","321.89","51.46M","2.79%"
"08/09/2022","316.91","318.60","318.86","315.25","39.76M","-1.13%"
"08/08/2022","320.54","322.52","326.30","319.04","44.07M","-0.32%"
"08/05/2022","321.58","319.02","323.66","318.22","53.89M","-0.82%"
"08/04/2022","324.23","322.80","324.55","320.60","38.97M","0.47%"
"08/03/2022","322.72","315.88","323.56","315.82","53.74M","2.72%"
"08/02/2022","314.16","312.76","318.38","311.68","48.68M","-0.30%"
"08/01/2022","315.10","313.49","318.64","312.37","46.36M","-0.06%"
"07/29/2022","315.29","311.22","316.22","309.77","57.50M","1.82%"
"07/28/2022","309.65","306.43","310.23","302.59","55.14M","0.98%"
"07/27/2022","306.65","298.88","308.38","298.30","69.30M","4.22%"
"07/26/2022","294.22","298.37","298.63","293.39","50.07M","-1.96%"
"07/25/2022","300.11","301.86","302.34","298.06","40.58M","-0.57%"
"07/22/2022","301.83","306.27","308.39","299.96","57.13M","-1.75%"
"07/21/2022","307.22","303.34","307.27","300.62","55.05M","1.44%"
"07/20/2022","302.87","298.57","304.08","297.78","67.77M","1.59%"
"07/19/2022","298.14","292.96","298.44","291.32","55.17M","3.07%"
"07/18/2022","289.25","294.57","296.00","288.05","59.52M","-0.85%"
"07/15/2022","291.72","289.58","291.83","287.93","63.82M","1.81%"
"07/14/2022","286.52","282.84","287.41","279.65","63.74M","0.36%"
"07/13/2022","285.50","280.45","287.90","279.87","73.94M","-0.21%"
"07/12/2022","286.09","290.17","292.13","284.46","55.80M","-0.97%"
"07/11/2022","288.89","292.73","292.96","287.99","55.27M","-2.13%"
"07/08/2022","295.19","291.93","296.59","290.97","59.90M","0.12%"
"07/07/2022","294.83","289.48","295.54","289.48","56.62M","2.14%"
"07/06/2022","288.65","287.20","290.80","285.44","63.19M","0.64%"
"07/05/2022","286.81","278.16","286.93","276.60","61.83M","1.71%"
"07/01/2022","281.98","278.80","282.38","276.88","56.68M","0.66%"
"06/30/2022","280.13","280.60","283.80","275.64","79.31M","-1.24%"
"06/29/2022","283.65","283.25","285.19","280.69","57.30M","0.09%"
"06/28/2022","283.39","292.85","295.49","283.20","61.87M","-3.05%"
"06/27/2022","292.30","295.84","296.42","291.14","54.15M","-0.73%"
"06/24/2022","294.46","287.59","294.89","287.35","58.42M","3.43%"
"06/23/2022","284.70","283.06","285.57","280.16","57.46M","1.49%"
"06/22/2022","280.52","278.37","285.03","277.76","67.47M","-0.15%"
"06/21/2022","280.93","278.60","283.30","278.49","51.63M","2.32%"
"06/17/2022","274.55","272.04","277.04","270.37","82.70M","1.22%"
"06/16/2022","271.25","275.45","275.92","269.14","81.91M","-4.03%"
"06/15/2022","282.65","279.27","286.68","276.46","86.05M","2.49%"
"06/14/2022","275.77","277.51","278.51","273.19","64.70M","0.18%"
"06/13/2022","275.27","279.60","282.19","274.39","94.44M","-4.65%"
"06/10/2022","288.69","293.50","294.72","288.23","85.96M","-3.53%"
"06/09/2022","299.24","305.75","308.89","299.07","55.90M","-2.68%"
"06/08/2022","307.48","308.89","311.56","306.61","38.34M","-0.72%"
"06/07/2022","309.71","303.65","310.51","302.53","44.90M","0.86%"
"06/06/2022","307.06","310.59","312.19","305.46","51.79M","0.33%"
"06/03/2022","306.04","308.87","310.31","304.76","60.91M","-2.60%"
"06/02/2022","314.21","304.69","314.39","303.24","59.29M","2.74%"
"06/01/2022","305.84","310.31","312.49","303.57","65.34M","-0.74%"
"05/31/2022","308.12","308.91","311.17","304.17","60.97M","-0.27%"
"05/27/2022","308.94","302.38","309.09","302.26","66.99M","3.27%"
"05/26/2022","299.17","290.29","300.76","290.00","59.46M","2.77%"
"05/25/2022","291.11","285.56","293.24","285.35","67.14M","1.40%"
"05/24/2022","287.09","287.97","288.71","282.10","73.49M","-2.13%"
"05/23/2022","293.33","289.60","293.72","287.14","63.65M","1.66%"
"05/20/2022","288.53","292.98","293.65","280.06","91.76M","-0.31%"
"05/19/2022","289.43","289.14","294.24","287.43","79.92M","-0.54%"
"05/18/2022","290.99","301.38","302.09","289.70","79.48M","-4.91%"
"05/17/2022","306.01","304.29","306.40","300.39","62.72M","2.59%"
"05/16/2022","298.28","299.99","302.10","296.97","59.19M","-1.16%"
"05/13/2022","301.78","295.56","302.84","293.93","83.68M","3.70%"
"05/12/2022","291.00","287.30","295.59","284.79","120.91M","-0.24%"
"05/11/2022","291.69","298.28","303.93","290.80","140.33M","-2.96%"
"05/10/2022","300.60","304.35","305.60","296.41","124.12M","1.22%"
"05/09/2022","296.99","303.32","309.19","295.56","113.39M","-3.91%"
"05/06/2022","309.09","310.79","314.92","304.94","139.57M","-1.20%"
"05/05/2022","312.84","325.00","325.08","309.46","154.61M","-5.04%"
"05/04/2022","329.43","319.14","330.12","313.73","116.08M","3.38%"
"05/03/2022","318.65","318.33","321.00","315.81","78.19M","0.11%"
"05/02/2022","318.31","312.67","318.55","309.48","115.51M","1.67%"
"04/29/2022","313.09","323.53","327.05","312.44","91.98M","-4.50%"
"04/28/2022","327.84","321.68","329.72","317.35","99.45M","3.55%"
"04/27/2022","316.59","317.07","322.71","314.83","111.20M","-0.12%"
"04/26/2022","316.97","327.30","327.49","316.69","105.82M","-3.78%"
"04/25/2022","329.41","323.56","329.73","322.26","101.76M","1.29%"
"04/22/2022","325.23","334.13","335.38","324.79","82.56M","-2.62%"
"04/21/2022","333.97","345.01","347.69","333.03","75.80M","-2.07%"
"04/20/2022","341.03","346.91","347.38","339.78","65.50M","-1.46%"
"04/19/2022","346.08","337.85","346.67","336.80","56.52M","2.24%"
"04/18/2022","338.51","337.17","340.86","335.61","58.56M","0.08%"
"04/14/2022","338.25","346.26","346.79","338.03","73.52M","-2.29%"
"04/13/2022","346.17","339.62","347.25","338.88","61.37M","2.03%"
"04/12/2022","339.27","345.58","347.51","337.86","72.79M","-0.42%"
"04/11/2022","340.71","344.63","345.57","340.36","66.11M","-2.37%"
"04/08/2022","348.97","352.14","352.90","348.32","61.96M","-1.40%"
"04/07/2022","353.91","352.06","356.16","348.51","63.78M","0.24%"
"04/06/2022","353.07","355.46","356.59","350.38","90.08M","-2.17%"
"04/05/2022","360.91","367.62","368.35","359.74","62.74M","-2.22%"
"04/04/2022","369.11","362.52","369.12","362.25","45.95M","2.06%"
"04/01/2022","361.66","362.62","363.42","358.40","54.53M","-0.19%"
"03/31/2022","362.35","367.05","367.41","361.49","67.01M","-1.24%"
"03/30/2022","366.90","369.08","370.79","365.38","68.76M","-1.11%"
"03/29/2022","371.00","368.71","371.63","365.87","68.07M","1.72%"
"03/28/2022","364.72","359.15","364.82","357.88","56.83M","1.55%"
"03/25/2022","359.16","359.40","360.48","354.76","57.58M","-0.08%"
"03/24/2022","359.46","353.61","359.51","351.41","53.56M","2.22%"
"03/23/2022","351.65","353.82","357.47","351.59","70.62M","-1.44%"
"03/22/2022","356.77","350.41","357.66","350.02","63.35M","1.96%"
"03/21/2022","349.90","350.02","352.29","345.39","73.80M","-0.40%"
"03/18/2022","351.31","342.56","351.61","341.37","85.45M","2.05%"
"03/17/2022","344.26","338.19","344.32","336.86","67.81M","1.21%"
"03/16/2022","340.14","332.00","340.26","328.23","105.24M","3.71%"
"03/15/2022","327.98","320.71","328.78","319.06","76.47M","3.14%"
"03/14/2022","318.00","322.96","326.42","317.28","79.80M","-1.92%"
"03/11/2022","324.23","334.14","334.46","323.73","66.23M","-2.07%"
"03/10/2022","331.10","330.65","332.34","326.54","69.36M","-1.11%"
"03/09/2022","334.81","331.58","336.20","328.92","64.72M","3.60%"
"03/08/2022","323.18","323.88","333.04","319.77","116.15M","-0.47%"
"03/07/2022","324.69","337.11","338.30","324.48","89.93M","-3.69%"
"03/04/2022","337.12","339.66","341.13","334.74","77.01M","-1.45%"
"03/03/2022","342.08","349.75","349.86","340.17","71.09M","-1.43%"
"03/02/2022","347.04","342.90","348.41","340.06","70.61M","1.68%"
"03/01/2022","341.31","345.57","347.90","338.72","67.41M","-1.53%"
"02/28/2022","346.62","342.33","348.36","341.14","77.52M","0.30%"
"02/25/2022","345.59","341.13","345.80","337.21","78.84M","1.55%"
"02/24/2022","340.31","318.67","340.86","318.09","130.61M","3.36%"
"02/23/2022","329.25","341.14","342.00","328.93","86.22M","-2.56%"
"02/22/2022","337.90","338.31","343.86","334.17","85.97M","-1.00%"
"02/18/2022","341.33","346.23","346.63","338.96","80.00M","-1.14%"
"02/17/2022","345.27","352.55","353.27","344.84","61.80M","-2.97%"
"02/16/2022","355.85","353.63","356.90","350.53","58.95M","-0.03%"
"02/15/2022","355.94","352.72","356.18","351.64","55.39M","2.48%"
"02/14/2022","347.31","346.31","350.80","343.71","80.25M","0.12%"
"02/11/2022","346.88","358.24","359.88","345.62","101.57M","-3.17%"
"02/10/2022","358.24","359.33","366.30","356.35","112.47M","-2.26%"
"02/09/2022","366.54","363.57","366.62","361.93","55.77M","2.12%"
"02/08/2022","358.93","353.77","360.05","352.61","64.72M","1.12%"
"02/07/2022","354.94","358.43","360.86","353.65","58.20M","-0.80%"
"02/04/2022","357.82","353.89","361.21","351.79","86.32M","1.26%"
"02/03/2022","353.36","358.34","361.74","352.27","95.38M","-4.06%"
"02/02/2022","368.30","369.57","369.91","364.09","78.78M","0.81%"
"02/01/2022","365.33","364.24","366.00","358.95","74.43M","0.68%"
"01/31/2022","362.86","353.01","363.46","351.34","94.33M","3.20%"
"01/28/2022","351.62","342.85","351.84","337.77","108.17M","3.14%"
"01/27/2022","340.92","349.22","351.09","339.87","95.26M","-1.01%"
"01/26/2022","344.39","352.72","356.69","340.60","146.56M","-0.16%"
"01/25/2022","344.93","346.49","350.85","341.50","124.40M","-2.32%"
"01/24/2022","353.11","345.72","353.79","333.97","199.45M","0.46%"
"01/21/2022","351.51","359.28","361.99","351.22","143.39M","-2.77%"
"01/20/2022","361.53","369.60","373.67","360.98","88.61M","-1.30%"
"01/19/2022","366.29","371.95","374.49","366.02","81.79M","-1.10%"
"01/18/2022","370.36","373.84","376.02","369.58","75.81M","-2.49%"
"01/14/2022","379.81","374.87","380.15","374.66","80.12M","0.62%"
"01/13/2022","377.46","388.57","389.27","376.50","77.99M","-2.50%"
"01/12/2022","387.15","388.26","390.00","384.81","54.58M","0.40%"
"01/11/2022","385.62","379.16","385.79","377.02","68.30M","1.50%"
"01/10/2022","379.91","374.62","380.44","369.12","91.77M","0.07%"
"01/07/2022","379.66","383.83","385.56","377.84","72.65M","-1.08%"
"01/06/2022","383.82","382.22","387.15","379.93","70.81M","-0.07%"
"01/05/2022","384.09","394.53","395.68","383.83","75.74M","-3.07%"
"01/04/2022","396.26","402.03","402.07","393.08","58.03M","-1.30%"
"01/03/2022","401.47","398.84","401.73","396.67","40.58M","0.96%"
"12/31/2021","397.64","399.45","400.85","397.13","34.75M","-0.62%"
"12/30/2021","400.14","401.12","403.36","399.54","23.85M","-0.30%"
"12/29/2021","401.34","401.54","402.84","398.90","32.25M","-0.01%"
"12/28/2021","401.40","404.19","404.37","400.50","33.11M","-0.46%"
"12/27/2021","403.27","398.04","403.27","398.01","32.82M","1.65%"
"12/23/2021","396.71","394.10","398.22","393.93","29.60M","0.75%"
"12/22/2021","393.74","388.71","393.95","388.03","37.04M","1.22%"
"12/21/2021","389.01","383.85","389.33","380.00","48.90M","2.24%"
"12/20/2021","380.49","379.37","381.30","377.27","65.34M","-1.10%"
"12/17/2021","384.71","383.13","388.99","381.57","81.64M","-0.50%"
"12/16/2021","386.64","397.83","398.27","385.01","82.59M","-2.57%"
"12/15/2021","396.84","387.74","397.21","383.68","73.86M","2.28%"
"12/14/2021","388.00","387.10","389.89","383.43","75.20M","-1.03%"
"12/13/2021","392.05","397.79","398.12","391.67","50.17M","-1.45%"
"12/10/2021","397.80","396.41","398.07","393.15","52.55M","1.09%"
"12/09/2021","393.52","398.14","399.99","393.32","49.97M","-1.47%"
"12/08/2021","399.40","397.96","399.61","396.01","39.20M","0.45%"
"12/07/2021","397.62","392.82","398.25","392.78","56.01M","3.01%"
"12/06/2021","386.00","383.43","387.40","379.10","67.59M","0.80%"
"12/03/2021","382.93","391.10","392.13","378.70","105.35M","-1.74%"
"12/02/2021","389.71","385.60","391.53","384.14","84.42M","0.72%"
"12/01/2021","386.92","398.07","400.27","386.44","78.38M","-1.70%"
"11/30/2021","393.61","398.57","400.98","391.54","81.33M","-1.47%"
"11/29/2021","399.48","395.68","400.52","394.93","54.45M","2.17%"
"11/26/2021","390.99","395.90","397.33","389.57","51.53M","-1.90%"
"11/24/2021","398.55","394.72","398.84","392.33","46.95M","0.32%"
"11/23/2021","397.27","397.90","400.02","392.71","70.10M","-0.46%"
"11/22/2021","399.09","405.36","408.50","398.98","61.72M","-1.16%"
"11/19/2021","403.78","403.22","405.09","402.37","45.19M","0.56%"
"11/18/2021","401.54","399.52","402.06","397.24","45.72M","1.04%"
"11/17/2021","397.42","397.54","399.51","396.43","28.70M","0.05%"
"11/16/2021","397.21","393.65","397.72","393.45","27.87M","0.71%"
"11/15/2021","394.40","395.70","396.03","391.89","33.72M","-0.02%"
"11/12/2021","394.49","391.56","395.04","389.93","34.73M","1.05%"
"11/11/2021","390.38","392.36","392.54","390.04","32.24M","0.27%"
"11/10/2021","389.31","392.26","395.15","387.33","54.94M","-1.47%"
"11/09/2021","395.11","398.95","399.36","393.71","50.49M","-0.69%"
"11/08/2021","397.85","398.36","399.41","397.19","29.26M","-0.14%"
"11/05/2021","398.39","399.83","400.78","396.95","43.38M","0.10%"
"11/04/2021","398.01","394.27","398.99","393.71","40.27M","1.28%"
"11/03/2021","392.97","389.35","393.40","388.28","33.75M","1.06%"
"11/02/2021","388.85","386.60","389.34","386.55","25.14M","0.42%"
"11/01/2021","387.23","386.36","387.36","384.22","30.77M","0.34%"
"10/29/2021","385.91","380.86","386.08","380.50","37.31M","0.49%"
"10/28/2021","384.02","381.75","384.28","380.95","38.01M","1.11%"
"10/27/2021","379.80","379.38","382.95","379.11","45.76M","0.23%"
"10/26/2021","378.92","380.03","382.51","377.71","47.19M","0.32%"
"10/25/2021","377.73","375.36","378.67","373.36","32.60M","1.02%"
"10/22/2021","373.90","375.78","376.77","372.19","36.28M","-0.84%"
"10/21/2021","377.07","373.96","377.27","373.65","25.47M","0.61%"
"10/20/2021","374.78","375.74","376.37","373.26","31.39M","-0.13%"
"10/19/2021","375.27","373.55","375.32","372.50","29.09M","0.76%"
"10/18/2021","372.45","367.42","372.67","366.80","34.51M","1.00%"
"10/15/2021","368.75","367.69","368.87","366.63","40.42M","0.63%"
"10/14/2021","366.44","363.50","366.66","362.82","43.43M","1.84%"
"10/13/2021","359.81","359.32","360.50","357.24","40.12M","0.80%"
"10/12/2021","356.95","359.69","360.14","356.29","43.91M","-0.35%"
"10/11/2021","358.20","359.39","363.01","358.11","34.85M","-0.77%"
"10/08/2021","360.97","363.89","364.13","360.42","41.82M","-0.50%"
"10/07/2021","362.78","362.61","365.50","362.06","39.41M","0.92%"
"10/06/2021","359.48","353.89","359.76","352.96","56.81M","0.64%"
"10/05/2021","357.19","353.52","359.50","353.29","47.23M","1.35%"
"10/04/2021","352.43","358.33","358.67","350.14","76.77M","-2.10%"
"10/01/2021","359.99","358.41","361.06","354.19","56.38M","0.62%"
"09/30/2021","357.77","360.78","362.49","356.91","61.38M","-0.37%"
"09/29/2021","359.09","360.98","363.18","358.45","58.08M","-0.16%"
"09/28/2021","359.68","365.48","370.11","359.16","97.70M","-2.83%"
"09/27/2021","370.16","370.01","371.06","367.54","43.34M","-0.80%"
"09/24/2021","373.13","370.46","373.56","370.08","36.06M","0.09%"
"09/23/2021","372.78","370.57","373.84","369.90","44.65M","0.92%"
"09/22/2021","369.38","366.90","370.88","365.77","46.97M","0.93%"
"09/21/2021","365.96","367.39","368.62","364.80","41.93M","0.12%"
"09/20/2021","365.51","367.27","369.06","360.74","76.20M","-2.17%"
"09/17/2021","373.63","377.62","377.67","372.56","60.91M","-1.18%"
"09/16/2021","378.11","376.48","378.70","374.50","35.19M","0.07%"
"09/15/2021","377.85","375.53","378.21","373.17","34.10M","0.74%"
"09/14/2021","375.06","377.66","378.41","374.08","41.83M","-0.28%"
"09/13/2021","376.13","378.79","379.23","374.02","48.74M","-0.07%"
"09/10/2021","376.39","381.03","381.77","376.05","40.25M","-0.76%"
"09/09/2021","379.27","380.81","381.95","379.02","29.40M","-0.34%"
"09/08/2021","380.58","381.73","381.73","378.25","32.95M","-0.35%"
"09/07/2021","381.91","381.48","382.58","380.29","23.97M","0.14%"
"09/03/2021","381.37","379.02","381.78","379.00","24.62M","0.31%"
"09/02/2021","380.20","381.77","382.11","378.95","25.50M","-0.05%"
"09/01/2021","380.38","380.84","382.51","380.17","28.14M","0.17%"
"08/31/2021","379.75","380.31","380.38","378.16","29.63M","-0.08%"
"08/30/2021","380.06","376.65","380.56","376.63","27.30M","1.12%"
"08/27/2021","375.84","372.87","376.36","372.37","27.10M","0.97%"
"08/26/2021","372.22","373.72","374.42","371.77","29.13M","-0.64%"
"08/25/2021","374.60","374.43","375.19","373.66","20.44M","0.11%"
"08/24/2021","374.17","373.64","374.79","373.16","21.73M","0.31%"
"08/23/2021","373.03","368.61","373.74","368.60","34.03M","1.49%"
"08/20/2021","367.54","364.87","367.95","364.55","39.49M","1.04%"
"08/19/2021","363.77","360.03","365.49","359.77","48.50M","0.48%"
"08/18/2021","362.02","364.99","366.43","361.68","38.54M","-0.96%"
"08/17/2021","365.54","365.96","366.96","363.04","44.79M","-0.88%"
"08/16/2021","368.79","367.48","368.83","363.51","35.04M","0.04%"
"08/13/2021","368.63","367.70","368.97","367.19","19.34M","0.35%"
"08/12/2021","367.34","365.50","367.71","364.10","26.00M","0.36%"
"08/11/2021","366.02","367.95","368.46","364.65","34.25M","-0.17%"
"08/10/2021","366.65","369.07","369.37","365.43","35.13M","-0.51%"
"08/09/2021","368.54","368.33","369.08","367.20","25.96M","0.18%"
"08/06/2021","367.86","368.18","369.18","366.71","33.33M","-0.44%"
"08/05/2021","369.48","367.99","369.72","367.26","21.44M","0.63%"
"08/04/2021","367.15","366.58","368.13","365.44","29.60M","0.14%"
"08/03/2021","366.62","365.09","366.74","361.81","35.56M","0.61%"
"08/02/2021","364.41","366.09","366.69","363.68","27.33M","0.01%"
"07/30/2021","364.38","362.25","364.98","362.22","36.48M","-0.52%"
"07/29/2021","366.29","365.06","367.49","365.06","25.67M","0.18%"
"07/28/2021","365.64","365.41","367.26","363.05","42.07M","0.38%"
"07/27/2021","364.24","368.03","368.03","359.97","57.93M","-1.10%"
"07/26/2021","368.30","367.30","368.70","366.41","28.44M","0.08%"
"07/23/2021","368.01","365.12","368.29","363.72","31.96M","1.17%"
"07/22/2021","363.76","361.58","363.77","361.58","30.25M","0.66%"
"07/21/2021","361.37","358.16","361.37","357.93","30.26M","0.77%"
"07/20/2021","358.60","355.44","360.09","353.61","42.18M","1.16%"
"07/19/2021","354.48","353.86","354.99","351.86","64.40M","-0.82%"
"07/16/2021","357.41","361.21","362.22","357.05","47.26M","-0.81%"
"07/15/2021","360.33","362.79","363.00","358.27","53.39M","-0.70%"
"07/14/2021","362.88","364.64","365.30","362.03","35.34M","0.18%"
"07/13/2021","362.23","361.84","365.27","361.35","39.72M","0.00%"
"07/12/2021","362.23","362.26","362.70","360.64","25.72M","0.39%"
"07/09/2021","360.82","357.98","361.31","357.38","35.18M","0.62%"
"07/08/2021","358.58","355.55","359.46","354.23","50.89M","-0.60%"
"07/07/2021","360.76","362.26","362.57","358.75","35.27M","0.21%"
"07/06/2021","360.00","359.07","360.29","356.30","38.84M","0.43%"
"07/02/2021","358.45","356.33","358.78","356.09","32.73M","1.15%"
"07/01/2021","354.38","353.88","354.90","352.49","29.29M","0.04%"
"06/30/2021","354.24","354.64","355.04","353.64","32.72M","-0.16%"
"06/29/2021","354.80","353.34","354.83","352.48","29.43M","0.36%"
"06/28/2021","353.52","350.60","353.66","350.54","39.13M","1.21%"
"06/25/2021","349.28","350.29","350.54","348.66","28.68M","-0.12%"
"06/24/2021","349.71","349.55","351.28","348.99","32.58M","0.62%"
"06/23/2021","347.56","347.33","348.74","346.70","27.19M","0.05%"
"06/22/2021","347.39","343.97","347.85","343.66","28.94M","0.93%"
"06/21/2021","344.18","342.25","344.51","339.97","32.99M","0.51%"
"06/18/2021","342.45","343.45","344.63","341.68","55.41M","-0.79%"
"06/17/2021","345.16","339.79","346.20","339.74","59.72M","1.27%"
"06/16/2021","340.83","342.56","343.66","337.27","55.40M","-0.37%"
"06/15/2021","342.08","343.97","344.29","341.34","35.96M","-0.65%"
"06/14/2021","344.33","341.50","344.34","340.28","27.83M","0.96%"
"06/11/2021","341.06","340.18","341.07","339.51","21.22M","0.26%"
"06/10/2021","340.17","337.01","340.28","336.55","33.70M","1.04%"
"06/09/2021","336.66","337.99","338.79","336.47","21.49M","0.02%"
"06/08/2021","336.58","338.22","339.11","334.85","27.28M","0.05%"
"06/07/2021","336.42","334.87","336.48","334.16","32.61M","0.30%"
"06/04/2021","335.42","331.68","335.88","331.61","38.74M","1.69%"
"06/03/2021","329.83","330.38","331.69","328.11","37.06M","-1.04%"
"06/02/2021","333.29","333.08","334.16","331.52","22.05M","0.19%"
"06/01/2021","332.65","335.12","335.61","331.26","31.15M","-0.33%"